image_id,file_name,category,silhouette,sleeve,neckline,color,style,pattern,extra_notes
img_drs_a_001,img_drs_a_001.jpg,dress,fit and flare,sleeveless,halter,blue and beige,classic,checkered,fitted waist and tie around neck
img_drs_a_002,img_drs_a_002.jpg,dress,fit and flare,sleeveless,high neck,black,minimal,plain,box pleated bottom
img_drs_a_003,img_drs_a_003.jpg,dress,bodycon,sleeveless,v-neck,deep red,glam,plain,wrap like dress
img_drs_a_004,img_drs_a_004.jpg,dress,straight,sleeveless,cowl neck,red,glam,plain,a slit dress
img_drs_a_005,img_drs_a_005.jpg,dress,bodycon,sleeveless,v-neck,multicolor,bohemian,printed,detailed patterns
img_drs_a_006,img_drs_a_006.jpg,dress,fit and flare,sleeveless,halter,blue,modern,plain,
img_drs_a_007,img_drs_a_007.jpg,dress,bodycon,sleeveless,halter,light sap green,glam,beaded,beaded embroidery work
img_drs_a_008,img_drs_a_008.jpg,dress,fit and flare,sleeveless,sweetheart,black,glam,plain,has bow and flares
img_drs_a_009,img_drs_a_009.jpg,dress,a-line,sleeveless,asymmetrical,lettuce green,minimal,plain,tie around neck
img_drs_a_010,img_drs_a_010.jpg,dress,bodycon,long sleeve,round neck,multicolor,minimal,plain,wavy edge finishes
img_pnt_a_011,img_pnt_a_011.jpg,pants,wide-leg,none,none,yellow,casual,plain,
img_pnt_a_012,img_pnt_a_012.jpg,pants,wide-leg,none,none,grey,sporty,plain,
img_pnt_a_013,img_pnt_a_013.jpg,pants,wide-leg,none,none,faded grey,casual,denim,
img_pnt_a_014,img_pnt_a_014.jpg,pants,wide-leg,none,none,white,formal,denim,flared legs
img_pnt_a_015,img_pnt_a_015.jpg,pants,wide-leg,none,none,faded dark blue,formal,denim,flared legs
img_pnt_a_016,img_pnt_a_016.jpg,pants,wide-leg,none,none,grey,formal,plain,
img_pnt_a_017,img_pnt_a_017.jpg,shorts,regular fit,none,none,yellow,minimal,plain,pleated shorts
img_skt_a_018,img_skt_a_018.jpg,skirt,straight,none,none,black,minimal,plain,
img_skt_a_019,img_skt_a_019.jpg,skirt,pleated,none,none,white,formal,plain,shirring effect
img_skt_a_020,img_skt_a_020.jpg,skirt,straight,none,none,brown and beige,tailored,checkered,
img_skt_a_021,img_skt_a_021.jpg,skirt,straight,none,none,blue,casual,denim,
img_skt_a_022,img_skt_a_022.jpg,skirt,straight,none,none,dark blue,casual,denim,has small slit
img_skt_a_023,img_skt_a_023.jpg,skirt,a-line,none,none,chocolate brown,tailored,plain,with a gold buckle belt
img_skt_a_024,img_skt_a_024.jpg,skirt,pleated,none,none,multicolor,glam,animal print,mini skirt with many flares
img_skt_a_025,img_skt_a_025.jpg,skirt,straight,none,none,multicolor,glam,animal print,sequin work and twist effect
img_skt_a_026,img_skt_a_026.jpg,skirt,straight,none,none,brown,glam,embellished,big sequin beaded
img_skt_a_027,img_skt_a_027.jpg,skirt,straight,none,none,black,glam,embellished,sequins with glittering effect
img_top_a_028,img_top_a_028.jpg,top,fitted,sleeveless,halter,multicolor,minimal,polka dots,neck tie at the back
img_top_a_029,img_top_a_029.jpg,top,fitted,sleeveless,round neck,multicolor,casual,plain,
img_top_a_030,img_top_a_030.jpg,t-shirt,regular fit,short sleeve,round neck,beige and red,casual,printed,
img_top_a_031,img_top_a_031.jpg,top,fitted,sleeveless,square,lcream and black,casual,polka dots,
img_top_a_032,img_top_a_032.jpg,top,fitted,sleeveless,square,yellow,modern,plain,
img_top_a_033,img_top_a_033.jpg,top,fitted,sleeveless,square,yellow and white,casual,checkered,lemon printed at the centre
img_top_a_034,img_top_a_034.jpg,top,cropped,off-shoulder,square,multicolor,cottagecore,checkered,shirring effect on the off-shoulder
img_top_a_035,img_top_a_035.jpg,top,fitted,sleeveless,round neck,multicolor,casual,striped,
img_top_a_036,img_top_a_036.jpg,top,fitted,sleeveless,asymmetrical,black,modern,plain,
img_top_a_037,img_top_a_037.jpg,top,cropped,short sleeve,square,blue,casual,plain,
img_top_a_038,img_top_a_038.jpg,t-shirt,fitted,short sleeve,round neck,black,casual,plain,
img_top_a_039,img_top_a_039.jpg,top,fitted,long sleeve,sweetheart,pink,modern,plain,lacework with a bow
img_top_a_040,img_top_a_040.jpg,top,fitted,sleeveless,collared,pink,casual,plain,
img_top_a_041,img_top_a_041.jpg,top,fitted,sleeveless,square,multicolor,modern,printed,
img_top_a_042,img_top_a_042.jpg,top,fitted,off-shoulder,square,grey,modern,plain,
img_top_a_043,img_top_a_043.jpg,top,fitted,sleeveless,collared,multicolor,classic,striped,
img_top_a_044,img_top_a_044.jpg,top,fitted,short sleeve,square,brown,modern,plain,
img_top_a_045,img_top_a_045.jpg,top,fitted,sleeveless,square,black and beige,modern,printed,
img_top_a_046,img_top_a_046.jpg,top,fitted,sleeveless,square,hot red,formal,plain,
img_top_a_047,img_top_a_047.jpg,top,fitted,sleeveless,halter,red,modern,plain,
img_top_a_048,img_top_a_048.jpg,top,fitted,sleeveless,halter,light yellow,modern,plain,
img_top_a_049,img_top_a_049.jpg,top,fitted,sleeveless,high neck,blue,modern,plain,
img_top_a_050,img_top_a_050.jpg,top,fitted,sleeveless,cowl neck,cream and red,modern,floral,cowl neck tie at the back
img_top_a_051,img_top_a_051.jpg,top,fitted,sleeveless,asymmetrical,yellow,modern,plain,
img_top_a_052,img_top_a_052.jpg,top,peplum,sleeveless,v-neck,green,casual,checkered,bow at the front
img_top_a_053,img_top_a_053.jpg,top,fitted,sleeveless,sweetheart,yellow,modern,plain,flare and bow for the neck
img_top_a_054,img_top_a_054.jpg,top,fitted,short sleeve,v-neck,light teal blue,modern,textured,lacework with bows
img_top_a_055,img_top_a_055.jpg,top,fitted,sleeveless,halter,pink and orange,glam,floral,gathered tie to the side
img_top_a_056,img_top_a_056.jpg,top,peplum,sleeveless,sweetheart,teal blue,modern,embroidered,tie in the front
img_top_a_057,img_top_a_057.jpg,top,peplum,sleeveless,sweetheart,yellow,glam,plain,shirring effect of the fabric
img_top_a_058,img_top_a_058.jpg,top,peplum,sleeveless,v-neck,brown,modern,plain,
img_top_a_059,img_top_a_059.jpg,top,peplum,sleeveless,v-neck,sap green,modern,textured,
img_top_a_060,img_top_a_060.jpg,top,peplum,sleeveless,v-neck,dark red,glam,plain,flared layers
img_drs_b_001,img_drs_b_001.jpg,dress,a-line,long sleeve,high neck,red,minimal,plain,zipper on the neck
img_drs_b_002,img_drs_b_002.jpg,dress,straight,sleeveless,asymmetrical,white,formal,plain,
img_drs_b_003,img_drs_b_003.jpg,dress,straight,short sleeve,round neck,green,modern,colorblock,
img_drs_b_004,img_drs_b_004.jpg,dress,straight,long sleeve,square,white,bohemian,floral,
img_drs_b_005,img_drs_b_005.jpg,dress,a-line,puff sleeve,square,blue,cottagecore,floral,peter pan collar
img_drs_b_006,img_drs_b_006.jpg,dress,a-line,puff sleeve,square,white,cottagecore,floral,slit on the leg
img_drs_b_007,img_drs_b_007.jpg,dress,a-line,sleeveless,v-neck,multicolar,romantic,floral,
img_drs_b_008,img_drs_b_008.jpg,dress,bodycon,long sleeve,round neck,white,formal,plain,open back
img_drs_b_009,img_drs_b_009.jpg,jumpsuit,straight,sleeveless,round neck,white,formal,plain,cape
img_drs_b_010,img_drs_b_010.jpg,dress,a-line,puff sleeve,sweetheart,white,cottagecore,floral,off-shoulder sleeves
img_drs_b_011,img_drs_b_011.jpg,dress,a-line,puff sleeve,v-neck,purple,cottagecore,lattice,
img_drs_b_012,img_drs_b_012.jpg,dress,a-line,puff sleeve,v-neck,white,cottagecore,plain,open back
img_drs_b_013,img_drs_b_013.jpg,dress,a-line,puff sleeve,round neck,white,cottagecore,textured,V-neck in the back
img_drs_b_014,img_drs_b_014.jpg,dress,straight,sleeveless,halter,white,bohemian,plain,belt
img_drs_b_015,img_drs_b_015.jpg,dress,wrap,sleeveless,v-neck,green,formal,plain,wrap boddice
img_drs_b_016,img_drs_b_016.jpg,dress,bodycon,sleeveless,asymmetrical,blue,glam,plain,
img_drs_b_017,img_drs_b_017.jpg,dress,straight,sleeveless,v-neck,white,minimal,plain,lace up back
img_drs_b_018,img_drs_b_018.jpg,dress,a-line,long sleeve,round neck,pink,avant garde,plain,pleated fabric
img_jkt_b_019,img_jkt_b_019.jpg,jacket,oversized,long sleeve,collared,blue,casual,plain,
img_jkt_b_020,img_jkt_b_020.jpg,jacket,oversized,long sleeve,collared,blue,casual,plain,oversized 
img_jkt_b_021,img_jkt_b_021.jpg,coat,oversized,long sleeve,collared,dark green,tailored,plain,double-breasted button closure with dropped shoulders
img_jkt_b_022,img_jkt_b_022.jpg,coat,regular fit,long sleeve,collared,green,tailored,plain,dropped shoulders
img_jkt_b_023,img_jkt_b_023.jpg,jacket,regular fit,long sleeve,collared,brown,casual,plain,belted cuffs
img_jkt_b_024,img_jkt_b_024.jpg,jacket,oversized,long sleeve,collared,brown,casual,plain,oversized
img_jkt_b_025,img_jkt_b_025.jpg,jacket,regular fit,long sleeve,collared,burgundy,casual,plain,
img_pnt_b_026,img_pnt_b_026.jpg,pants,wide-leg,none,none,black,avant garde,plain,overlay
img_pnt_b_027,img_pnt_b_027.jpg,pants,wide-leg,none,none,blue,modern,textured,jeans
img_pnt_b_028,img_pnt_b_028.jpg,pants,wide-leg,none,none,blue,modern,plain,jeans with strap-on waist
img_pnt_b_029,img_pnt_b_029.jpg,skirt,a-line,none,none,gray,minimal,plain,
img_pnt_b_030,img_pnt_b_030.jpg,pants,wide-leg,none,none,white,sporty,textured,waffle fabric
img_pnt_b_031,img_pnt_b_031.jpg,pants,straight,none,none,white,tailored,plain,
img_pnt_b_032,img_pnt_b_032.jpg,pants,straight,none,none,white,tailored,plain,
img_pnt_b_033,img_pnt_b_033.jpg,pants,straight,none,none,yellow,sporty,plain,
img_pnt_b_034,img_pnt_b_034.jpg,pants,wide-leg,none,none,white,tailored,plain,with pleats
img_pnt_b_035,img_pnt_b_035.jpg,pants,wide-leg,none,none,dark beige,tailored,plain,with pleats
img_pnt_b_036,img_pnt_b_036.jpg,pants,straight,none,none,salmon pink,casual,plain,
img_pnt_b_037,img_pnt_b_037.jpg,pants,straight,none,none,white,bohemian,floral,balloon fit
img_pnt_b_038,img_pnt_b_038.jpg,pants,straight,none,none,blue,bohemian,floral,balloon fit
img_pnt_b_039,img_pnt_b_039.jpg,pants,wide-leg,none,none,green with orange,bohemian,floral,short length
img_pnt_b_040,img_pnt_b_040.jpg,pants,wide-leg,none,none,pink,bohemian,floral,
img_pnt_b_041,img_pnt_b_041.jpg,pants,wide-leg,none,none,white,tailored,plain,belt
img_skt_b_042,img_skt_b_042.jpg,skirt,a-line,none,none,black,minimal,plain,with pleats
img_skt_b_043,img_skt_b_043.jpg,skirt,asymmetrical,none,none,grey,avant garde,plain,
img_top_b_044,img_top_b_044.jpg,top,oversized,short sleeve,round neck,blue,avant garde,plain,pleated fabric
img_top_b_045,img_top_b_045.jpg,coat,oversized,long sleeve,collared,white,avant garde,embroidered,
img_top_b_046,img_top_b_046.jpg,coat,fitted,long sleeve,v-neck,black,tailored,plain,
img_top_b_047,img_top_b_047.jpg,shirt,oversized,long sleeve,collared,pink,avant garde,plain,oversized
img_top_b_048,img_top_b_048.jpg,coat,fitted,long sleeve,collared,yellow,avant garde,plain,
img_top_b_049,img_top_b_049.jpg,top,oversized,short sleeve,round neck,orange,avant garde,plain,pleated fabric
img_top_b_050,img_top_b_050.jpg,dress,straight,short sleeve,round neck,grey,casual,plain,
img_top_b_051,img_top_b_051.jpg,top,fitted,sleeveless,v-neck,brown,tailored,plain,
img_top_b_052,img_top_b_052.jpg,top,fitted,long sleeve,round neck,white,casual,plain,
img_top_b_053,img_top_b_053.jpg,coat,oversized,long sleeve,v-neck,black,tailored,plain,oversized
img_top_b_054,img_top_b_054.jpg,top,regular fit,puff sleeve,round neck,white,casual,polka dots,
img_top_b_055,img_top_b_055.jpg,shirt,regular fit,long sleeve,collared,white,cottagecore,floral,peter pan collar
img_top_b_056,img_top_b_056.jpg,coat,oversized,long sleeve,v-neck,red,tailored,plain,oversized
img_top_b_057,img_top_b_057.jpg,coat,oversized,long sleeve,v-neck,pink,tailored,plain,
img_top_b_058,img_top_b_058.jpg,coat,fitted,long sleeve,v-neck,burgundy,tailored,plain,fitted with asymmetrical collar
img_top_b_059,img_top_b_059.jpg,coat,peplum,long sleeve,high neck,burgundy,tailored,plain,cutout on the chest
img_top_b_060,img_top_b_060.jpg,coat,cropped,long sleeve,v-neck,black,tailored,plain,cropped
img_drs_c_001,img_drs_c_001.jpg,dress,a-line,short sleeve,v-neck,green,bohemian,paisley,midi length with fitted waist and lightweight fabric
img_drs_c_002,img_drs_c_002.jpg,dress,shift,sleeveless,round neck,brown,minimal,plain,linen fabric knee length relaxed fit
img_drs_c_003,img_drs_c_003.jpg,dress,straight,long sleeve,round neck,multicolor,classic,floral,midi length includes belt with square buckle
img_drs_c_004,img_drs_c_004.jpg,dress,straight,off-shoulder,asymmetrical,multicolor,modern,floral,midi length one shoulder ruffle waist drape
img_drs_c_005,img_drs_c_005.jpg,dress,straight,long sleeve,v-neck,teal yellow,bohemian,geometric,floor length side slit drawstring waist
img_drs_c_006,img_drs_c_006.jpg,dress,straight,puff sleeve,v-neck,blue,formal,embellished,floor length with belted waist and vertical sequin lines
img_drs_c_007,img_drs_c_007.jpg,dress,straight,off-shoulder,square,blue,formal,plain,floor length with high side slit and waist tie detail
img_drs_c_008,img_drs_c_008.jpg,dress,bodycon,off-shoulder,asymmetrical,green,glam,plain,floor length with ruffle detail on neckline and strap
img_drs_c_009,img_drs_c_009.jpg,dress,bodycon,off-shoulder,asymmetrical,purple pink,glam,metallic,floor length with draped side panel and structured bodice
img_drs_c_010,img_drs_c_010.jpg,dress,fitted,off-shoulder,sweetheart,brown,formal,plain,floor length with peplum waist ruffle and high side slit
img_drs_c_011,img_drs_c_011.jpg,dress,bodycon,sleeveless,strapless,white,glam,embellished,mini length with pearl embroidery and fringe hem
img_drs_c_012,img_drs_c_012.jpg,dress,fit and flare,sleeveless,sweetheart,mint green,formal,plain,tiered ruffle skirt with corset style sheer bodice
img_drs_c_013,img_drs_c_013.jpg,dress,bodycon,sleeveless,sweetheart,pink,glam,plain,corset bodice with sequin trim and draped wrap skirt
img_drs_c_014,img_drs_c_014.jpg,dress,straight,short sleeve,v-neck,denim blue,casual,embroidered,midi length denim fabric with colorful embroidery on neck
img_drs_c_015,img_drs_c_015.jpg,dress,bodycon,sleeveless,high neck,silver,avant garde,metallic,floor length sheer chainmail texture with high neck back
img_drs_c_016,img_drs_c_016.jpg,dress,straight,long sleeve,round neck,brown,avant garde,textured,floor length knit with distressed laddering and cutouts
img_drs_c_017,img_drs_c_017.jpg,dress,straight,long sleeve,high neck,dark pink,casual,textured,mini length sweater dress in fuzzy knit texture
img_drs_c_018,img_drs_c_018.jpg,dress,asymmetrical,sleeveless,halter,blue,avant garde,plain,midi length sheer fabric with draped wrap and side cutout
img_drs_c_019,img_drs_c_019.jpg,dress,straight,sleeveless,asymmetrical,cream brown black,modern,floral,midi length with side zipper and structured bodice
img_skt_c_020,img_skt_c_020.jpg,skirt,straight,none,none,blue,avant garde,embellished,denim with silver metal studs and front slit
img_skt_c_021,img_skt_c_021.jpg,skirt,straight,none,none,blue,casual,plain,denim with diagonal seam detail and belt
img_skt_c_022,img_skt_c_022.jpg,skirt,straight,none,none,grey,sporty,plain,tech fabric with paneling part of matching set
img_skt_c_023,img_skt_c_023.jpg,skirt,a-line,none,none,green,bohemian,floral,sheer fabric with yellow flowers and drawstring waist
img_skt_c_024,img_skt_c_024.jpg,skirt,a-line,none,none,blue,bohemian,embroidered,denim with heavy red and blue floral embroidery
img_skt_c_025,img_skt_c_025.jpg,skirt,pleated,none,none,yellow,sporty,plain,sweatshirt material with drawstring and side pocket
img_skt_c_026,img_skt_c_026.jpg,shorts,straight,none,none,sage green,tailored,plain,button front with side buckle belt detail
img_skt_c_027,img_skt_c_027.jpg,skirt,a-line,none,none,white,bohemian,lace,tiered sheer lace with intricate floral patterns
img_skt_c_028,img_skt_c_028.jpg,skirt,a-line,none,none,white,casual,plain,tennis skirt with wide pleats and side tie
img_jkt_c_029,img_jkt_c_029.jpg,jacket,regular fit,long sleeve,collared,black,avant garde,plain,leather with elasticated cuffs and hem
img_jkt_c_030,img_jkt_c_030.jpg,jacket,regular fit,long sleeve,collared,blue,casual,graphic,featuring white animal line drawings and contrast collar
img_jkt_c_031,img_jkt_c_031.jpg,jacket,regular fit,long sleeve,collared,brown,casual,plain,suede material with large front patch pockets and button closure
img_jkt_c_032,img_jkt_c_032.jpg,jacket,regular fit,long sleeve,collared,multicolor,casual,checkered,quilted with a blue plaid hood and multiple colors
img_jkt_c_033,img_jkt_c_033.jpg,jumpsuit,straight,long sleeve,collared,dark grey,sporty,plain,oversized zip-up with white contrast stitching detail
img_jkt_c_034,img_jkt_c_034.jpg,jacket,regular fit,long sleeve,collared,brown,casual,plain,shearling-lined aviator style with asymmetrical zip
img_jkt_c_035,img_jkt_c_035.jpg,jacket,regular fit,long sleeve,collared,multicolor,sporty,geometric,bold primary colors with yellow and blue striped patterns
img_jkt_c_036,img_jkt_c_036.jpg,jacket,regular fit,long sleeve,high neck,red,sporty,plain,hooded technical shell with white lettering on sleeve
img_jkt_c_037,img_jkt_c_037.jpg,jacket,regular fit,long sleeve,collared,white,avant garde,plain,hussar-style with prominent metal dome buttons and braiding
img_jkt_c_038,img_jkt_c_038.jpg,jacket,regular fit,long sleeve,collared,white,minimal,plain,collared with zip closure and chest pocket
img_jkt_c_039,img_jkt_c_039.jpg,jacket,fitted,long sleeve,collared,black,avant garde,plain,paneled leather and ribbed knit hybrid with a pointed collar
img_jkt_c_040,img_jkt_c_040.jpg,coat,oversized,long sleeve,high neck,pink,sporty,plain,oversized heavy-duty parka with large front flap pockets and hood
img_jkt_c_041,img_jkt_c_041.jpg,jacket,oversized,long sleeve,high neck,faded blue,avant garde,plain,"distressed leather with industrial hardware, belt-loop hem, and high neck"
img_jkt_c_042,img_jkt_c_042.jpg,jacket,fitted,long sleeve,high neck,black,avant garde,plain,"classic leather silhouette heavily embellished with pins, studs, and a butterfly motif"
img_jkt_c_043,img_jkt_c_043.jpg,jacket,oversized,long sleeve,high neck,teal multi,casual,checkered,exaggerated bubble silhouette with drawstring cuffs and high neck
img_jkt_c_044,img_jkt_c_044.jpg,jacket,regular fit,long sleeve,collared,dark wash,casual,plain,denim jacket with contrast white stitching and traditional chest pockets
img_jkt_c_045,img_jkt_c_045.jpg,jacket,oversized,long sleeve,collared,charcoal,casual,plain,technical nylon with layered construction and multiple utility zippers
img_jkt_c_046,img_jkt_c_046.jpg,jacket,oversized,long sleeve,high neck,black multi,casual,colorblock,quarter-zip pullover with green paneling and various heritage-style patches
img_pnt_c_047,img_pnt_c_047.jpg,pants,straight,none,none,yellow,formal,plain,high-waisted trousers with front pleats and a matching belt
img_pnt_c_048,img_pnt_c_048.jpg,pants,straight,none,none,multicolor,sporty,striped,velvet-textured trousers with a split-hem detail and vertical white stripes
img_pnt_c_049,img_pnt_c_049.jpg,pants,wide-leg,none,none,black,formal,plain,relaxed high-waisted trousers with deep front pleats
img_pnt_c_050,img_pnt_c_050.jpg,pants,wide-leg,none,none,yellow,formal,plain,high-waisted trousers featuring decorative side buttons
img_pnt_c_051,img_pnt_c_051.jpg,pants,straight,none,none,black,casual,plain,leather-look cargo pants with multiple side flap pockets
img_pnt_c_052,img_pnt_c_052.jpg,pants,wide-leg,none,none,brown,casual,plain,relaxed fit cotton trousers with a traditional button fly
img_pnt_c_053,img_pnt_c_053.jpg,pants,wide-leg,none,none,multicolor,formal,striped,lightweight pajama-style trousers with vertical blue stripes
img_pnt_c_054,img_pnt_c_054.jpg,pants,straight,none,none,green,casual,plain,drawstring cargo trousers with oversized utility pockets
img_top_c_055,img_top_c_055.jpg,top,fitted,sleeveless,round neck,white,casual,textured,layered look with a pastel lace bra overlay and button-down neckline
img_top_c_056,img_top_c_056.jpg,top,fitted,sleeveless,sweetheart,burgundy,bohemian,floral,tapestry-style bodice with leather buckle straps and rose print
img_top_c_057,img_top_c_057.jpg,top,fitted,sleeveless,strapless,burgundy,minimal,plain,pleated faux-leather bandeau with a cropped fit
img_top_c_058,img_top_c_058.jpg,top,cropped,puff sleeve,high neck,white,avant garde,plain,structured ultra-crop with massive architectural sleeves and a large floral applique
img_top_c_059,img_top_c_059.jpg,top,fitted,sleeveless,square,white,bohemian,graphic,pointed hem bodice featuring a frog graphic and shoulder ties
img_top_c_060,img_top_c_060.jpg,sweater,cropped,long sleeve,round neck,pink white,casual,striped,two-piece crochet set including a micro-bralette and a matching shrug with crew neckline
Embroidered_Lace-Paneled_Longline_Cardigan_img_00000010,Embroidered_Lace-Paneled_Longline_Cardigan_img_00000010.jpg,cardigan,regular fit,none,none,none,casual,lace,deepfashion
Two-Pocket_Cardigan_img_00000010,Two-Pocket_Cardigan_img_00000010.jpg,cardigan,regular fit,none,none,none,casual,plain,deepfashion
Tribal-Inspired_Open-Front_Cardigan_img_00000036,Tribal-Inspired_Open-Front_Cardigan_img_00000036.jpg,cardigan,oversized,none,none,none,casual,graphic print,deepfashion
V-Neck_Cardigan_img_00000066,V-Neck_Cardigan_img_00000066.jpg,cardigan,regular fit,none,v-neck,none,casual,plain,deepfashion
Boxy_Button-Front_Cardigan_img_00000006,Boxy_Button-Front_Cardigan_img_00000006.jpg,cardigan,boxy,long sleeve,v-neck,none,casual,plain,deepfashion
Essential_Draped_Cardigan_img_00000021,Essential_Draped_Cardigan_img_00000021.jpg,cardigan,regular fit,none,none,none,casual,plain,deepfashion
Floral_Lace-Paneled_Cardigan_img_00000042,Floral_Lace-Paneled_Cardigan_img_00000042.jpg,cardigan,regular fit,none,none,none,casual,floral,deepfashion
Rib_Knit_Maxi_Cardigan_img_00000027,Rib_Knit_Maxi_Cardigan_img_00000027.jpg,cardigan,regular fit,none,none,none,casual,textured,deepfashion
Diamond_Pattern_Cardigan_img_00000043,Diamond_Pattern_Cardigan_img_00000043.jpg,cardigan,regular fit,none,none,none,casual,plain,deepfashion
Open-Front_Pointelle_Cardigan_img_00000038,Open-Front_Pointelle_Cardigan_img_00000038.jpg,cardigan,regular fit,none,none,none,casual,plain,deepfashion
Lace_Inset_Cardigan_img_00000027,Lace_Inset_Cardigan_img_00000027.jpg,cardigan,regular fit,none,none,none,casual,lace,deepfashion
Oversized_Striped_Cardigan_img_00000039,Oversized_Striped_Cardigan_img_00000039.jpg,cardigan,oversized,none,none,none,casual,striped,deepfashion
Lace_Back_Linen_Cardigan_img_00000053,Lace_Back_Linen_Cardigan_img_00000053.jpg,cardigan,regular fit,none,none,none,casual,lace,deepfashion
Southwestern_Print_Cardigan_img_00000007,Southwestern_Print_Cardigan_img_00000007.jpg,cardigan,regular fit,none,none,none,casual,graphic print,deepfashion
Everyday_Open-Knit_Cardigan_img_00000028,Everyday_Open-Knit_Cardigan_img_00000028.jpg,cardigan,regular fit,none,none,none,casual,textured,deepfashion
Hooded_Cardigan_img_00000049,Hooded_Cardigan_img_00000049.jpg,cardigan,regular fit,none,none,none,casual,plain,deepfashion
Hooded_Marled_Cardigan_img_00000001,Hooded_Marled_Cardigan_img_00000001.jpg,cardigan,regular fit,none,none,none,casual,plain,deepfashion
Shawl_Collar_Maxi_Cardigan_img_00000020,Shawl_Collar_Maxi_Cardigan_img_00000020.jpg,cardigan,regular fit,short sleeve,collared,none,casual,plain,deepfashion
Draped_Marled_Knit_Cardigan_img_00000001,Draped_Marled_Knit_Cardigan_img_00000001.jpg,cardigan,regular fit,none,none,none,casual,textured,deepfashion
V-Neck_Button-Down_Cardigan_img_00000083,V-Neck_Button-Down_Cardigan_img_00000083.jpg,cardigan,regular fit,none,v-neck,none,casual,plain,deepfashion
Chunky_Knit_Tassel_Cardigan_img_00000025,Chunky_Knit_Tassel_Cardigan_img_00000025.jpg,cardigan,regular fit,none,none,none,casual,textured,deepfashion
Drape-Front_Marled_Cardigan_img_00000036,Drape-Front_Marled_Cardigan_img_00000036.jpg,cardigan,regular fit,none,none,none,casual,plain,deepfashion
Cozy_Abstract_Cardigan_img_00000033,Cozy_Abstract_Cardigan_img_00000033.jpg,cardigan,regular fit,none,none,none,casual,abstract,deepfashion
Open-Front_Jersey_Cardigan_img_00000010,Open-Front_Jersey_Cardigan_img_00000010.jpg,cardigan,regular fit,none,none,none,casual,plain,deepfashion
Asymmetric_Zip-Front_Cardigan_img_00000036,Asymmetric_Zip-Front_Cardigan_img_00000036.jpg,cardigan,asymmetrical,none,none,none,casual,plain,deepfashion
Classic_Open-Front_Cardigan_img_00000055,Classic_Open-Front_Cardigan_img_00000055.jpg,cardigan,regular fit,long sleeve,none,none,classic,plain,deepfashion
Marled_Knit_Cardigan_img_00000025,Marled_Knit_Cardigan_img_00000025.jpg,cardigan,regular fit,none,none,none,casual,textured,deepfashion
Draped_Waffle_Knit_Cardigan_img_00000019,Draped_Waffle_Knit_Cardigan_img_00000019.jpg,cardigan,regular fit,none,none,none,casual,textured,deepfashion
Heart_Print_Cardigan_img_00000012,Heart_Print_Cardigan_img_00000012.jpg,cardigan,regular fit,none,none,none,casual,graphic print,deepfashion
Draped_Pocket_Kimono_Cardigan_img_00000030,Draped_Pocket_Kimono_Cardigan_img_00000030.jpg,cardigan,regular fit,none,none,none,casual,plain,deepfashion
Prep_School_Varsity_Cardigan_img_00000013,Prep_School_Varsity_Cardigan_img_00000013.jpg,cardigan,regular fit,none,none,none,casual,plain,deepfashion
Fringed_Shawl_Collar_Cardigan_img_00000001,Fringed_Shawl_Collar_Cardigan_img_00000001.jpg,cardigan,regular fit,none,collared,none,casual,graphic print,deepfashion
Popcorn_Knit_Cardigan_img_00000032,Popcorn_Knit_Cardigan_img_00000032.jpg,cardigan,regular fit,none,none,none,casual,textured,deepfashion
Hooded_Marled_Cardigan_img_00000011,Hooded_Marled_Cardigan_img_00000011.jpg,cardigan,regular fit,none,none,none,casual,textured,deepfashion
Marled-Stripe_V-Neck_Cardigan_img_00000006,Marled-Stripe_V-Neck_Cardigan_img_00000006.jpg,cardigan,regular fit,none,v-neck,none,casual,striped,deepfashion
Southwestern_Print_Dolman_Cardigan_img_00000004,Southwestern_Print_Dolman_Cardigan_img_00000004.jpg,cardigan,regular fit,dolman sleeve,none,none,casual,graphic print,deepfashion
Woven_Wrap_Cardigan_img_00000001,Woven_Wrap_Cardigan_img_00000001.jpg,cardigan,wrap,none,none,none,casual,textured,deepfashion
Loose-Knit_Dolman_Cardigan_img_00000043,Loose-Knit_Dolman_Cardigan_img_00000043.jpg,cardigan,batwing,dolman sleeve,none,none,casual,textured,deepfashion
Touch_Of_Glam_Cardigan_img_00000048,Touch_Of_Glam_Cardigan_img_00000048.jpg,cardigan,regular fit,none,none,none,casual,abstract,deepfashion
Lace_Open-Knit_Cardigan_img_00000026,Lace_Open-Knit_Cardigan_img_00000026.jpg,cardigan,regular fit,none,none,none,casual,lace,deepfashion
Cable_Knit_Batwing_Cardigan_img_00000068,Cable_Knit_Batwing_Cardigan_img_00000068.jpg,cardigan,batwing,batwing,none,none,casual,textured,deepfashion
Heathered_Striped_Cardigan_img_00000040,Heathered_Striped_Cardigan_img_00000040.jpg,cardigan,regular fit,none,none,none,casual,striped,deepfashion
Ribbed_Asymmetrical_Zipper_Cardigan_img_00000029,Ribbed_Asymmetrical_Zipper_Cardigan_img_00000029.jpg,cardigan,asymmetrical,short sleeve,asymmetrical,none,casual,textured,deepfashion
Crochet_Maxi_Cardigan_img_00000067,Crochet_Maxi_Cardigan_img_00000067.jpg,cardigan,regular fit,none,none,none,casual,plain,deepfashion
Heathered_Open-Front_Cardigan_img_00000016,Heathered_Open-Front_Cardigan_img_00000016.jpg,cardigan,regular fit,none,none,none,casual,plain,deepfashion
Geo_Pattern_Fringe_Cardigan_img_00000011,Geo_Pattern_Fringe_Cardigan_img_00000011.jpg,cardigan,regular fit,none,none,none,casual,geometric,deepfashion
Classic_Button-Down_Cardigan_img_00000054,Classic_Button-Down_Cardigan_img_00000054.jpg,cardigan,regular fit,none,none,none,classic,plain,deepfashion
Lace_Back_Linen_Cardigan_img_00000007,Lace_Back_Linen_Cardigan_img_00000007.jpg,cardigan,regular fit,none,none,none,casual,lace,deepfashion
Rose_Print_Cardigan_img_00000043,Rose_Print_Cardigan_img_00000043.jpg,cardigan,regular fit,none,none,none,casual,graphic print,deepfashion
Boxy_Button-Front_Cardigan_img_00000043,Boxy_Button-Front_Cardigan_img_00000043.jpg,cardigan,boxy,none,none,none,casual,lace,deepfashion
Ribbed_Knit_Cardigan_img_00000005,Ribbed_Knit_Cardigan_img_00000005.jpg,cardigan,regular fit,none,none,none,casual,textured,deepfashion
Scalloped_Lace_Cardigan_img_00000050,Scalloped_Lace_Cardigan_img_00000050.jpg,cardigan,regular fit,none,collared,none,casual,lace,deepfashion
Classic_Open-Front_Cardigan_img_00000048,Classic_Open-Front_Cardigan_img_00000048.jpg,cardigan,regular fit,none,none,none,classic,plain,deepfashion
Ribbed_Asymmetrical_Zipper_Cardigan_img_00000027,Ribbed_Asymmetrical_Zipper_Cardigan_img_00000027.jpg,cardigan,asymmetrical,none,asymmetrical,none,casual,textured,deepfashion
Open-Front_Cardigan_img_00000036,Open-Front_Cardigan_img_00000036.jpg,cardigan,regular fit,none,none,none,casual,plain,deepfashion
Abstract_Geo_Print_Cardigan_img_00000007,Abstract_Geo_Print_Cardigan_img_00000007.jpg,cardigan,regular fit,none,none,none,casual,abstract,deepfashion
Chunky_Knit_Tassel_Cardigan_img_00000005,Chunky_Knit_Tassel_Cardigan_img_00000005.jpg,cardigan,regular fit,none,none,none,casual,textured,deepfashion
Slouchy_Open-Knit_Cardigan_img_00000012,Slouchy_Open-Knit_Cardigan_img_00000012.jpg,cardigan,regular fit,none,none,none,bohemian,textured,deepfashion
Touch_Of_Glam_Cardigan_img_00000010,Touch_Of_Glam_Cardigan_img_00000010.jpg,cardigan,regular fit,none,collared,none,casual,plain,deepfashion
Purl_Knit_Cardigan_img_00000017,Purl_Knit_Cardigan_img_00000017.jpg,cardigan,regular fit,none,none,none,casual,lace,deepfashion
Fuzzy_Plaid_Cardigan_img_00000024,Fuzzy_Plaid_Cardigan_img_00000024.jpg,cardigan,regular fit,none,none,none,casual,checkered,deepfashion
Embroidered_Longline_Cardigan_img_00000033,Embroidered_Longline_Cardigan_img_00000033.jpg,cardigan,regular fit,none,none,none,minimal,embroidered,deepfashion
Cable-Knit_Shrug_Cardigan_img_00000071,Cable-Knit_Shrug_Cardigan_img_00000071.jpg,cardigan,regular fit,none,none,none,casual,textured,deepfashion
Ribbed_Asymmetrical_Zipper_Cardigan_img_00000011,Ribbed_Asymmetrical_Zipper_Cardigan_img_00000011.jpg,cardigan,asymmetrical,none,asymmetrical,none,casual,striped,deepfashion
Chain-Trim_Fuzzy_Cardigan_img_00000025,Chain-Trim_Fuzzy_Cardigan_img_00000025.jpg,cardigan,regular fit,none,none,none,casual,plain,deepfashion
Diamond_Patterned_Cardigan_img_00000020,Diamond_Patterned_Cardigan_img_00000020.jpg,cardigan,regular fit,none,none,none,casual,plain,deepfashion
Faux_Fur_Collar_Cardigan_img_00000070,Faux_Fur_Collar_Cardigan_img_00000070.jpg,cardigan,regular fit,none,collared,none,casual,plain,deepfashion
Iconic_V-Neck_Cardigan_img_00000049,Iconic_V-Neck_Cardigan_img_00000049.jpg,cardigan,regular fit,none,v-neck,none,casual,plain,deepfashion
Southwestern-Patterned_Cardigan_img_00000037,Southwestern-Patterned_Cardigan_img_00000037.jpg,cardigan,regular fit,none,none,none,casual,plain,deepfashion
Draped_Knit_Cardigan_img_00000012,Draped_Knit_Cardigan_img_00000012.jpg,cardigan,regular fit,none,none,none,casual,textured,deepfashion
Draped_Shawl_Collar_Cardigan_img_00000049,Draped_Shawl_Collar_Cardigan_img_00000049.jpg,cardigan,regular fit,none,collared,none,casual,plain,deepfashion
Knit_Shawl_Collar_Cardigan_img_00000040,Knit_Shawl_Collar_Cardigan_img_00000040.jpg,cardigan,regular fit,none,collared,none,casual,textured,deepfashion
Two-Tone_Knit_Cardigan_img_00000039,Two-Tone_Knit_Cardigan_img_00000039.jpg,cardigan,regular fit,none,none,none,casual,textured,deepfashion
Heathered_Open-Front_Cardigan_img_00000041,Heathered_Open-Front_Cardigan_img_00000041.jpg,cardigan,regular fit,none,none,none,casual,plain,deepfashion
Cable-Knit_Shrug_Cardigan_img_00000049,Cable-Knit_Shrug_Cardigan_img_00000049.jpg,cardigan,oversized,none,none,none,casual,textured,deepfashion
Two-Tone_Knit_Cardigan_img_00000032,Two-Tone_Knit_Cardigan_img_00000032.jpg,cardigan,regular fit,raglan sleeve,none,none,casual,textured,deepfashion
Windowpane-Patterned_Open-Front_Cardigan_img_00000005,Windowpane-Patterned_Open-Front_Cardigan_img_00000005.jpg,cardigan,regular fit,none,none,none,casual,floral,deepfashion
Longline_Open-Front_Cardigan_img_00000009,Longline_Open-Front_Cardigan_img_00000009.jpg,cardigan,regular fit,none,none,none,casual,plain,deepfashion
Hooded_Open-Front_Cardigan_img_00000040,Hooded_Open-Front_Cardigan_img_00000040.jpg,cardigan,wrap,none,none,none,casual,plain,deepfashion
Hooded_Cardigan_img_00000068,Hooded_Cardigan_img_00000068.jpg,cardigan,regular fit,none,none,none,casual,plain,deepfashion
Crochet-Trimmed_Batwing_Cardigan_img_00000033,Crochet-Trimmed_Batwing_Cardigan_img_00000033.jpg,cardigan,batwing,batwing,none,none,casual,plain,deepfashion
Floral_Lace-Paneled_Cardigan_img_00000004,Floral_Lace-Paneled_Cardigan_img_00000004.jpg,cardigan,regular fit,none,none,none,casual,floral,deepfashion
Crochet-Trimmed_Batwing_Cardigan_img_00000043,Crochet-Trimmed_Batwing_Cardigan_img_00000043.jpg,cardigan,batwing,batwing,none,none,casual,plain,deepfashion
Knit_Dolman_Cardigan_img_00000020,Knit_Dolman_Cardigan_img_00000020.jpg,cardigan,regular fit,dolman sleeve,none,none,casual,textured,deepfashion
Two-Tone_Chunky_Cardigan_img_00000016,Two-Tone_Chunky_Cardigan_img_00000016.jpg,cardigan,regular fit,none,none,none,casual,textured,deepfashion
Two-Tone_Open-Front_Cardigan_img_00000051,Two-Tone_Open-Front_Cardigan_img_00000051.jpg,cardigan,regular fit,none,none,none,casual,textured,deepfashion
Heathered_Shawl_Collar_Cardigan_img_00000027,Heathered_Shawl_Collar_Cardigan_img_00000027.jpg,cardigan,regular fit,none,collared,none,casual,plain,deepfashion
Button-Down_Maxi_Cardigan_img_00000028,Button-Down_Maxi_Cardigan_img_00000028.jpg,cardigan,wrap,none,none,none,casual,plain,deepfashion
Striped_Marled_Knit_Cardigan_img_00000007,Striped_Marled_Knit_Cardigan_img_00000007.jpg,cardigan,regular fit,none,none,none,casual,striped,deepfashion
Longline_Batwing_Cardigan_img_00000023,Longline_Batwing_Cardigan_img_00000023.jpg,cardigan,batwing,batwing,none,none,casual,plain,deepfashion
Southwestern_Print_Batwing_Cardigan_img_00000005,Southwestern_Print_Batwing_Cardigan_img_00000005.jpg,cardigan,batwing,dolman sleeve,none,none,casual,graphic print,deepfashion
Fringed_Open-Front_Cardigan_img_00000056,Fringed_Open-Front_Cardigan_img_00000056.jpg,cardigan,regular fit,sleeveless,none,none,casual,textured,deepfashion
Tribal_Print_Woven_Cardigan_img_00000032,Tribal_Print_Woven_Cardigan_img_00000032.jpg,cardigan,regular fit,long sleeve,none,none,casual,graphic print,deepfashion
Stripe_Fuzzy_Cardigan_img_00000049,Stripe_Fuzzy_Cardigan_img_00000049.jpg,cardigan,regular fit,none,none,none,casual,striped,deepfashion
Lace_Inset_Cardigan_img_00000028,Lace_Inset_Cardigan_img_00000028.jpg,cardigan,regular fit,none,none,none,casual,lace,deepfashion
Fitted_V-Neck_Cardigan_img_00000048,Fitted_V-Neck_Cardigan_img_00000048.jpg,cardigan,cropped,long sleeve,v-neck,none,casual,plain,deepfashion
Drape-Front_Marled_Cardigan_img_00000003,Drape-Front_Marled_Cardigan_img_00000003.jpg,cardigan,regular fit,none,none,none,casual,textured,deepfashion
Open-Front_Dolman_Cardigan_img_00000007,Open-Front_Dolman_Cardigan_img_00000007.jpg,cardigan,regular fit,dolman sleeve,none,none,casual,plain,deepfashion
Textured_Knit_Dolman_Cardigan_img_00000001,Textured_Knit_Dolman_Cardigan_img_00000001.jpg,cardigan,oversized,dolman sleeve,none,none,casual,textured,deepfashion
Chiffon_Maxi_Cardigan_img_00000045,Chiffon_Maxi_Cardigan_img_00000045.jpg,cardigan,regular fit,none,none,none,casual,lace,deepfashion
Drape-Front_Cardigan_img_00000086,Drape-Front_Cardigan_img_00000086.jpg,cardigan,regular fit,none,none,none,casual,plain,deepfashion
Oversized_Striped_Cardigan_img_00000017,Oversized_Striped_Cardigan_img_00000017.jpg,cardigan,oversized,none,none,none,casual,striped,deepfashion
Diamond_Print_Chiffon_Cardigan_img_00000048,Diamond_Print_Chiffon_Cardigan_img_00000048.jpg,cardigan,regular fit,none,none,none,bohemian,floral,deepfashion
Hooded_Marled_Cardigan_img_00000041,Hooded_Marled_Cardigan_img_00000041.jpg,cardigan,regular fit,none,none,none,casual,plain,deepfashion
Loose-Knit_Dolman_Cardigan_img_00000004,Loose-Knit_Dolman_Cardigan_img_00000004.jpg,cardigan,regular fit,dolman sleeve,none,none,casual,textured,deepfashion
Drapey_Marled_Knit_Cardigan_img_00000003,Drapey_Marled_Knit_Cardigan_img_00000003.jpg,cardigan,regular fit,none,none,none,casual,textured,deepfashion
Slouchy_Fuzzy_Knit_Cardigan_img_00000009,Slouchy_Fuzzy_Knit_Cardigan_img_00000009.jpg,cardigan,regular fit,none,none,none,casual,floral,deepfashion
Cable_Knit_Dolman_Cardigan_img_00000025,Cable_Knit_Dolman_Cardigan_img_00000025.jpg,cardigan,regular fit,dolman sleeve,none,none,casual,textured,deepfashion
Textured_Open-Front_Cardigan_img_00000035,Textured_Open-Front_Cardigan_img_00000035.jpg,cardigan,regular fit,none,none,none,casual,textured,deepfashion
Textured_Knit_Dolman_Cardigan_img_00000043,Textured_Knit_Dolman_Cardigan_img_00000043.jpg,cardigan,regular fit,dolman sleeve,none,none,bohemian,striped,deepfashion
Fringed_Open-Front_Cardigan_img_00000012,Fringed_Open-Front_Cardigan_img_00000012.jpg,cardigan,regular fit,none,none,none,casual,denim,deepfashion
Crocheted_Open-Front_Maxi_Cardigan_img_00000025,Crocheted_Open-Front_Maxi_Cardigan_img_00000025.jpg,cardigan,regular fit,none,none,none,casual,plain,deepfashion
Tasseled_Tribal_Print_Cardigan_img_00000007,Tasseled_Tribal_Print_Cardigan_img_00000007.jpg,cardigan,regular fit,none,none,none,casual,textured,deepfashion
Hooded_Drape_Cardigan_img_00000007,Hooded_Drape_Cardigan_img_00000007.jpg,cardigan,regular fit,none,none,none,casual,plain,deepfashion
Fringed_Open-Front_Cardigan_img_00000021,Fringed_Open-Front_Cardigan_img_00000021.jpg,cardigan,regular fit,none,none,none,casual,floral,deepfashion
Marled_Shawl_Collar_Cardigan_img_00000003,Marled_Shawl_Collar_Cardigan_img_00000003.jpg,cardigan,regular fit,none,collared,none,casual,plain,deepfashion
Two-Tone_Chunky_Cardigan_img_00000031,Two-Tone_Chunky_Cardigan_img_00000031.jpg,cardigan,regular fit,none,none,none,casual,plain,deepfashion
Chevron-Patterned_Batwing_Cardigan_img_00000019,Chevron-Patterned_Batwing_Cardigan_img_00000019.jpg,cardigan,batwing,batwing,none,none,casual,textured,deepfashion
Faux_Pearl_Knit_Cardigan_img_00000044,Faux_Pearl_Knit_Cardigan_img_00000044.jpg,cardigan,regular fit,none,none,none,casual,textured,deepfashion
Two-Tone_Open-Front_Cardigan_img_00000032,Two-Tone_Open-Front_Cardigan_img_00000032.jpg,cardigan,regular fit,none,none,none,casual,plain,deepfashion
Open-Front_Coat_img_00000005,Open-Front_Coat_img_00000005.jpg,coat,regular fit,long sleeve,none,none,formal,plain,deepfashion
Double-Breasted_Blazer_img_00000087,Double-Breasted_Blazer_img_00000087.jpg,coat,regular fit,none,none,none,formal,plain,deepfashion
Faux_Fur_Trimmed_A-Line_Coat_img_00000035,Faux_Fur_Trimmed_A-Line_Coat_img_00000035.jpg,coat,regular fit,none,none,none,formal,plain,deepfashion
Dropped_Lapel_Chiffon-Sleeved_Blazer_img_00000046,Dropped_Lapel_Chiffon-Sleeved_Blazer_img_00000046.jpg,coat,regular fit,long sleeve,collared,none,formal,plain,deepfashion
Zippered_Single-Button_Blazer_img_00000072,Zippered_Single-Button_Blazer_img_00000072.jpg,coat,regular fit,none,none,none,formal,plain,deepfashion
Open-Front_Zippered_Blazer_img_00000056,Open-Front_Zippered_Blazer_img_00000056.jpg,coat,regular fit,none,none,none,formal,plain,deepfashion
Tuxedo-Inspired_Blazer_img_00000050,Tuxedo-Inspired_Blazer_img_00000050.jpg,coat,regular fit,none,none,none,formal,plain,deepfashion
Collarless_Draped-Front_Blazer_img_00000101,Collarless_Draped-Front_Blazer_img_00000101.jpg,coat,regular fit,none,collared,none,formal,plain,deepfashion
Zippered_Single-Button_Blazer_img_00000071,Zippered_Single-Button_Blazer_img_00000071.jpg,coat,regular fit,none,none,none,formal,plain,deepfashion
Collarless_Scuba_Knit_Coat_img_00000004,Collarless_Scuba_Knit_Coat_img_00000004.jpg,coat,asymmetrical,none,collared,none,formal,textured,deepfashion
Dolman_Sleeve_Trench_Coat_img_00000051,Dolman_Sleeve_Trench_Coat_img_00000051.jpg,coat,regular fit,dolman sleeve,none,none,formal,plain,deepfashion
Classic_Single-Button_Blazer_img_00000062,Classic_Single-Button_Blazer_img_00000062.jpg,coat,regular fit,none,none,none,classic,plain,deepfashion
Open-Front_Linen_Blazer_img_00000037,Open-Front_Linen_Blazer_img_00000037.jpg,coat,regular fit,none,none,none,formal,striped,deepfashion
Faux_Leather_Shawl_Collar_Blazer_img_00000102,Faux_Leather_Shawl_Collar_Blazer_img_00000102.jpg,coat,regular fit,none,collared,none,formal,plain,deepfashion
Herringbone_Denim_Coat_img_00000006,Herringbone_Denim_Coat_img_00000006.jpg,coat,regular fit,none,none,none,formal,denim,deepfashion
Cuffed_Knit_Blazer_img_00000025,Cuffed_Knit_Blazer_img_00000025.jpg,coat,regular fit,none,none,none,formal,textured,deepfashion
Longline_Slit_Blazer_img_00000041,Longline_Slit_Blazer_img_00000041.jpg,coat,regular fit,none,none,none,formal,plain,deepfashion
Two-Button_Blazer_img_00000157,Two-Button_Blazer_img_00000157.jpg,coat,regular fit,none,none,none,formal,plain,deepfashion
Floral_Print_Blazer_img_00000035,Floral_Print_Blazer_img_00000035.jpg,coat,regular fit,none,none,none,formal,floral,deepfashion
Faux_Fur_Collared_Zippered_Coat_img_00000042,Faux_Fur_Collared_Zippered_Coat_img_00000042.jpg,coat,regular fit,none,collared,none,formal,plain,deepfashion
Tulip-Back_Chiffon_Blazer_img_00000049,Tulip-Back_Chiffon_Blazer_img_00000049.jpg,coat,regular fit,none,none,none,formal,plain,deepfashion
Classic_One-Button_Blazer_img_00000039,Classic_One-Button_Blazer_img_00000039.jpg,coat,regular fit,none,none,none,classic,plain,deepfashion
Classic_Open-Front_Blazer_img_00000010,Classic_Open-Front_Blazer_img_00000010.jpg,coat,regular fit,none,none,none,classic,plain,deepfashion
Woven_Open-Front_Blazer_img_00000091,Woven_Open-Front_Blazer_img_00000091.jpg,coat,regular fit,none,none,none,formal,plain,deepfashion
Longline_Faux_Fur_Coat_img_00000026,Longline_Faux_Fur_Coat_img_00000026.jpg,coat,regular fit,none,none,none,formal,plain,deepfashion
Classic_Double-Breasted_Trench_Coat_img_00000041,Classic_Double-Breasted_Trench_Coat_img_00000041.jpg,coat,regular fit,none,none,none,classic,plain,deepfashion
Collarless_One-Button_Blazer_img_00000060,Collarless_One-Button_Blazer_img_00000060.jpg,coat,regular fit,none,collared,none,formal,plain,deepfashion
Classic_One-Button_Blazer_img_00000071,Classic_One-Button_Blazer_img_00000071.jpg,coat,regular fit,none,collared,none,classic,plain,deepfashion
Ruched-Sleeve_Blazer_img_00000006,Ruched-Sleeve_Blazer_img_00000006.jpg,coat,regular fit,short sleeve,none,none,formal,plain,deepfashion
Classic_Boyfriend_Blazer_img_00000052,Classic_Boyfriend_Blazer_img_00000052.jpg,coat,regular fit,none,none,none,classic,plain,deepfashion
Classic_One-Button_Blazer_img_00000061,Classic_One-Button_Blazer_img_00000061.jpg,coat,regular fit,sleeveless,none,none,classic,plain,deepfashion
Flat_Collar_Blazer_img_00000114,Flat_Collar_Blazer_img_00000114.jpg,coat,regular fit,none,collared,none,formal,lace,deepfashion
Collarless_Faux_Shearling_Coat_img_00000003,Collarless_Faux_Shearling_Coat_img_00000003.jpg,coat,regular fit,none,collared,none,formal,plain,deepfashion
Double-Breasted_Blazer_img_00000032,Double-Breasted_Blazer_img_00000032.jpg,coat,regular fit,none,none,none,formal,plain,deepfashion
Round-Hem_Brushstroke_Print_Blazer_img_00000051,Round-Hem_Brushstroke_Print_Blazer_img_00000051.jpg,coat,regular fit,none,none,none,formal,graphic print,deepfashion
Flat_Collar_Blazer_img_00000068,Flat_Collar_Blazer_img_00000068.jpg,coat,regular fit,none,collared,none,formal,plain,deepfashion
Two-Button_Blazer_img_00000117,Two-Button_Blazer_img_00000117.jpg,coat,regular fit,none,none,none,formal,plain,deepfashion
Classic_Denim_Blazer_img_00000118,Classic_Denim_Blazer_img_00000118.jpg,coat,regular fit,none,none,none,classic,denim,deepfashion
Must-Have_Ruched_Blazer_img_00000034,Must-Have_Ruched_Blazer_img_00000034.jpg,coat,regular fit,none,none,none,formal,plain,deepfashion
Notched_Open-Front_Textured_Blazer_img_00000055,Notched_Open-Front_Textured_Blazer_img_00000055.jpg,coat,regular fit,none,none,none,formal,textured,deepfashion
Quilted_Open-Front_Blazer_img_00000087,Quilted_Open-Front_Blazer_img_00000087.jpg,coat,regular fit,none,none,none,formal,plain,deepfashion
Round-Hem_Brushstroke_Print_Blazer_img_00000062,Round-Hem_Brushstroke_Print_Blazer_img_00000062.jpg,coat,regular fit,none,none,none,formal,graphic print,deepfashion
Floral_Print_Blazer_img_00000094,Floral_Print_Blazer_img_00000094.jpg,coat,regular fit,none,none,none,formal,floral,deepfashion
Cuffed-Sleeve_Boyfriend_Blazer_img_00000058,Cuffed-Sleeve_Boyfriend_Blazer_img_00000058.jpg,coat,regular fit,none,none,none,formal,plain,deepfashion
Zippered_Single-Button_Blazer_img_00000095,Zippered_Single-Button_Blazer_img_00000095.jpg,coat,regular fit,none,none,none,formal,plain,deepfashion
Classic_Two-Button_Blazer_img_00000117,Classic_Two-Button_Blazer_img_00000117.jpg,coat,regular fit,none,none,none,classic,plain,deepfashion
Drawstring_Waist_Trench_Coat_img_00000037,Drawstring_Waist_Trench_Coat_img_00000037.jpg,coat,regular fit,none,none,none,formal,plain,deepfashion
Quilted_Open-Front_Blazer_img_00000005,Quilted_Open-Front_Blazer_img_00000005.jpg,coat,regular fit,none,none,none,formal,plain,deepfashion
Knit_Open-Front_Blazer_img_00000091,Knit_Open-Front_Blazer_img_00000091.jpg,coat,regular fit,none,none,none,formal,textured,deepfashion
Single-Button_Blazer_img_00000120,Single-Button_Blazer_img_00000120.jpg,coat,regular fit,none,none,none,formal,plain,deepfashion
Shawl_Collar_Blazer_img_00000054,Shawl_Collar_Blazer_img_00000054.jpg,coat,regular fit,none,collared,none,formal,plain,deepfashion
Tailored_Woven_Blazer_img_00000095,Tailored_Woven_Blazer_img_00000095.jpg,coat,regular fit,none,none,none,formal,plain,deepfashion
Open-Front_Collarless_Blazer_img_00000044,Open-Front_Collarless_Blazer_img_00000044.jpg,coat,regular fit,none,collared,none,formal,plain,deepfashion
Open-Front_Collarless_Blazer_img_00000031,Open-Front_Collarless_Blazer_img_00000031.jpg,coat,regular fit,none,collared,none,formal,plain,deepfashion
Textured_Boyfriend_Blazer_img_00000046,Textured_Boyfriend_Blazer_img_00000046.jpg,coat,regular fit,none,none,none,formal,textured,deepfashion
Single-Button_Blazer_img_00000040,Single-Button_Blazer_img_00000040.jpg,coat,regular fit,none,none,none,formal,plain,deepfashion
Cropped_Open-Front_Blazer_img_00000108,Cropped_Open-Front_Blazer_img_00000108.jpg,coat,cropped,none,none,none,formal,plain,deepfashion
Hooded_Longline_Toggle_Coat_img_00000004,Hooded_Longline_Toggle_Coat_img_00000004.jpg,coat,regular fit,long sleeve,none,none,formal,plain,deepfashion
Single-Button_Blazer_img_00000097,Single-Button_Blazer_img_00000097.jpg,coat,regular fit,none,none,none,formal,plain,deepfashion
Tuxedo-Inspired_Blazer_img_00000052,Tuxedo-Inspired_Blazer_img_00000052.jpg,coat,regular fit,none,none,none,formal,plain,deepfashion
Textured_Faux_Fur_Coat_img_00000048,Textured_Faux_Fur_Coat_img_00000048.jpg,coat,regular fit,none,none,none,formal,textured,deepfashion
Open-Front_Shawl_Lapel_Blazer_img_00000082,Open-Front_Shawl_Lapel_Blazer_img_00000082.jpg,coat,regular fit,none,collared,none,formal,plain,deepfashion
Open-Front_Linen_Blazer_img_00000004,Open-Front_Linen_Blazer_img_00000004.jpg,coat,regular fit,none,none,none,classic,plain,deepfashion
Floral_Print_Blazer_img_00000012,Floral_Print_Blazer_img_00000012.jpg,coat,regular fit,none,none,none,formal,floral,deepfashion
Tribal_Print_Linen_Blazer_img_00000039,Tribal_Print_Linen_Blazer_img_00000039.jpg,coat,regular fit,none,none,none,formal,floral,deepfashion
Classic_Boyfriend_Blazer_img_00000130,Classic_Boyfriend_Blazer_img_00000130.jpg,coat,regular fit,none,collared,none,classic,plain,deepfashion
Button-Front_Blazer_img_00000040,Button-Front_Blazer_img_00000040.jpg,coat,regular fit,none,none,none,formal,plain,deepfashion
Woven_Trench_Coat_img_00000053,Woven_Trench_Coat_img_00000053.jpg,coat,regular fit,long sleeve,none,none,classic,polka dot,deepfashion
Ruched-Sleeve_Blazer_img_00000087,Ruched-Sleeve_Blazer_img_00000087.jpg,coat,regular fit,short sleeve,none,none,formal,plain,deepfashion
Longline_Side-Slit_Blazer_img_00000031,Longline_Side-Slit_Blazer_img_00000031.jpg,coat,regular fit,none,none,none,formal,denim,deepfashion
Must-Have_Ruched_Blazer_img_00000088,Must-Have_Ruched_Blazer_img_00000088.jpg,coat,regular fit,none,none,none,formal,plain,deepfashion
Classic_Denim_Blazer_img_00000050,Classic_Denim_Blazer_img_00000050.jpg,coat,oversized,none,none,none,classic,denim,deepfashion
Longline_Tweed_Coat_img_00000016,Longline_Tweed_Coat_img_00000016.jpg,coat,regular fit,none,none,none,formal,plain,deepfashion
Zip_Pocket_Blazer_img_00000045,Zip_Pocket_Blazer_img_00000045.jpg,coat,regular fit,none,none,none,formal,plain,deepfashion
Classic_Two-Button_Blazer_img_00000014,Classic_Two-Button_Blazer_img_00000014.jpg,coat,regular fit,none,none,none,classic,plain,deepfashion
Classic_Two-Button_Blazer_img_00000069,Classic_Two-Button_Blazer_img_00000069.jpg,coat,regular fit,none,none,none,classic,plain,deepfashion
Classic_Woven_Blazer_img_00000041,Classic_Woven_Blazer_img_00000041.jpg,coat,cropped,none,none,none,classic,plain,deepfashion
Classic_Open-Front_Blazer_img_00000075,Classic_Open-Front_Blazer_img_00000075.jpg,coat,cropped,none,none,none,classic,plain,deepfashion
Collarless_Scuba_Knit_Coat_img_00000016,Collarless_Scuba_Knit_Coat_img_00000016.jpg,coat,regular fit,none,collared,none,formal,textured,deepfashion
Collarless_Open-Front_Blazer_img_00000039,Collarless_Open-Front_Blazer_img_00000039.jpg,coat,regular fit,none,collared,none,formal,polka dot,deepfashion
Zippered_Shawl_Collar_Blazer_img_00000094,Zippered_Shawl_Collar_Blazer_img_00000094.jpg,coat,regular fit,none,collared,none,formal,animal print,deepfashion
Notched_Open-Front_Textured_Blazer_img_00000045,Notched_Open-Front_Textured_Blazer_img_00000045.jpg,coat,regular fit,none,none,none,formal,textured,deepfashion
Belted_Trench_Coat_img_00000032,Belted_Trench_Coat_img_00000032.jpg,coat,regular fit,none,none,none,formal,plain,deepfashion
Floral_and_Bird_Print_Blazer_img_00000115,Floral_and_Bird_Print_Blazer_img_00000115.jpg,coat,regular fit,none,none,none,formal,floral,deepfashion
Draped-Lapel_Trench_Coat_img_00000030,Draped-Lapel_Trench_Coat_img_00000030.jpg,coat,regular fit,none,none,none,formal,plain,deepfashion
Open-Front_Coat_img_00000044,Open-Front_Coat_img_00000044.jpg,coat,regular fit,none,none,none,formal,lace,deepfashion
Boxy_Buttoned_Blazer_img_00000043,Boxy_Buttoned_Blazer_img_00000043.jpg,coat,boxy,none,none,none,formal,floral,deepfashion
Textured_Open_Front_Blazer_img_00000025,Textured_Open_Front_Blazer_img_00000025.jpg,coat,regular fit,none,none,none,formal,textured,deepfashion
Floral_Print_Blazer_img_00000022,Floral_Print_Blazer_img_00000022.jpg,coat,regular fit,none,none,none,formal,floral,deepfashion
Open-Front_Linen_Blazer_img_00000117,Open-Front_Linen_Blazer_img_00000117.jpg,coat,regular fit,none,none,none,formal,plain,deepfashion
Woven_Open-Front_Blazer_img_00000006,Woven_Open-Front_Blazer_img_00000006.jpg,coat,regular fit,none,none,none,formal,plain,deepfashion
Oversized_Open-Front_Blazer_img_00000012,Oversized_Open-Front_Blazer_img_00000012.jpg,coat,oversized,none,none,none,formal,denim,deepfashion
Dropped_Lapel_Chiffon-Sleeved_Blazer_img_00000071,Dropped_Lapel_Chiffon-Sleeved_Blazer_img_00000071.jpg,coat,regular fit,long sleeve,none,none,formal,plain,deepfashion
Double-Breasted_Blazer_img_00000134,Double-Breasted_Blazer_img_00000134.jpg,coat,regular fit,none,none,none,formal,plain,deepfashion
Faux_Fur_Trimmed_A-Line_Coat_img_00000040,Faux_Fur_Trimmed_A-Line_Coat_img_00000040.jpg,coat,regular fit,none,none,none,formal,plain,deepfashion
Zippered_Single-Button_Blazer_img_00000067,Zippered_Single-Button_Blazer_img_00000067.jpg,coat,regular fit,short sleeve,none,none,formal,plain,deepfashion
Tuxedo-Inspired_Blazer_img_00000121,Tuxedo-Inspired_Blazer_img_00000121.jpg,coat,regular fit,none,none,none,formal,plain,deepfashion
Classic_Boyfriend_Blazer_img_00000031,Classic_Boyfriend_Blazer_img_00000031.jpg,coat,regular fit,none,none,none,classic,plain,deepfashion
Collarless_Crepe_Trench_Coat_img_00000008,Collarless_Crepe_Trench_Coat_img_00000008.jpg,coat,regular fit,none,collared,none,formal,plain,deepfashion
Ruched-Sleeve_Blazer_img_00000111,Ruched-Sleeve_Blazer_img_00000111.jpg,coat,regular fit,short sleeve,none,none,formal,striped,deepfashion
Double-Breasted_Peacoat_img_00000023,Double-Breasted_Peacoat_img_00000023.jpg,coat,regular fit,none,none,none,formal,checkered,deepfashion
Open-Front_Linen_Blazer_img_00000032,Open-Front_Linen_Blazer_img_00000032.jpg,coat,regular fit,none,none,none,formal,plain,deepfashion
Open-Front_Shawl_Lapel_Blazer_img_00000085,Open-Front_Shawl_Lapel_Blazer_img_00000085.jpg,coat,regular fit,none,collared,none,formal,plain,deepfashion
Zippered_Single-Button_Blazer_img_00000015,Zippered_Single-Button_Blazer_img_00000015.jpg,coat,regular fit,none,none,none,formal,plain,deepfashion
Tweed_Boyfriend_Blazer_img_00000141,Tweed_Boyfriend_Blazer_img_00000141.jpg,coat,regular fit,none,none,none,formal,plain,deepfashion
Double-Breasted_Blazer_img_00000065,Double-Breasted_Blazer_img_00000065.jpg,coat,regular fit,none,none,none,formal,plain,deepfashion
Two-Button_Blazer_img_00000059,Two-Button_Blazer_img_00000059.jpg,coat,regular fit,none,none,none,formal,plain,deepfashion
Knit_Open-Front_Blazer_img_00000024,Knit_Open-Front_Blazer_img_00000024.jpg,coat,regular fit,none,collared,none,formal,textured,deepfashion
Faux_Leather_Trim_Coat_img_00000052,Faux_Leather_Trim_Coat_img_00000052.jpg,coat,regular fit,none,none,none,formal,plain,deepfashion
Classic_Woven_Blazer_img_00000020,Classic_Woven_Blazer_img_00000020.jpg,coat,regular fit,none,none,none,classic,denim,deepfashion
Faux_Snakeskin-Trimmed_Blazer_img_00000010,Faux_Snakeskin-Trimmed_Blazer_img_00000010.jpg,coat,regular fit,none,collared,none,formal,plain,deepfashion
Two-Button_Blazer_img_00000119,Two-Button_Blazer_img_00000119.jpg,coat,regular fit,none,none,none,formal,textured,deepfashion
Classic_Two-Button_Blazer_img_00000037,Classic_Two-Button_Blazer_img_00000037.jpg,coat,regular fit,none,none,none,classic,plain,deepfashion
Faux_Snakeskin-Trimmed_Blazer_img_00000074,Faux_Snakeskin-Trimmed_Blazer_img_00000074.jpg,coat,regular fit,none,none,none,formal,plain,deepfashion
Abstract_Print_Draped_Blazer_img_00000026,Abstract_Print_Draped_Blazer_img_00000026.jpg,coat,cropped,none,none,none,formal,abstract,deepfashion
Tulip-Back_Chiffon_Blazer_img_00000068,Tulip-Back_Chiffon_Blazer_img_00000068.jpg,coat,regular fit,none,none,none,formal,abstract,deepfashion
Asymmetrical_Open-Front_Blazer_img_00000118,Asymmetrical_Open-Front_Blazer_img_00000118.jpg,coat,asymmetrical,none,asymmetrical,none,formal,plain,deepfashion
Quilted_Open-Front_Blazer_img_00000003,Quilted_Open-Front_Blazer_img_00000003.jpg,coat,regular fit,none,none,none,formal,plain,deepfashion
Zippered_Single-Button_Blazer_img_00000052,Zippered_Single-Button_Blazer_img_00000052.jpg,coat,regular fit,long sleeve,collared,none,formal,plain,deepfashion
Floral_Print_Blazer_img_00000061,Floral_Print_Blazer_img_00000061.jpg,coat,regular fit,none,none,none,formal,floral,deepfashion
Palm_Print_Bodycon_Dress_img_00000025,Palm_Print_Bodycon_Dress_img_00000025.jpg,dress,bodycon,none,none,none,casual,graphic print,deepfashion
Striped_Halter_Maxi_Dress_img_00000026,Striped_Halter_Maxi_Dress_img_00000026.jpg,dress,maxi,none,halter,none,casual,striped,deepfashion
Abstract_Paisley_Fit_&_Flare_Dress_img_00000029,Abstract_Paisley_Fit_&_Flare_Dress_img_00000029.jpg,dress,fit and flare,none,none,none,casual,paisley,deepfashion
Crocheted_Halter_Maxi_Dress_img_00000002,Crocheted_Halter_Maxi_Dress_img_00000002.jpg,dress,maxi,none,halter,none,casual,plain,deepfashion
Curved_Hem_Pleat-Back_Dress_img_00000031,Curved_Hem_Pleat-Back_Dress_img_00000031.jpg,dress,straight,none,none,none,casual,plain,deepfashion
Textured_Skater_Dress_img_00000077,Textured_Skater_Dress_img_00000077.jpg,dress,skater,none,none,none,casual,textured,deepfashion
Rose_Print_Cami_Dress_img_00000004,Rose_Print_Cami_Dress_img_00000004.jpg,dress,straight,none,none,none,casual,graphic print,deepfashion
Medallion_Print_Shift_Dress_img_00000015,Medallion_Print_Shift_Dress_img_00000015.jpg,dress,shift,none,none,none,romantic,lace,deepfashion
Cutout_Layered_T-Shirt_Dress_img_00000017,Cutout_Layered_T-Shirt_Dress_img_00000017.jpg,dress,straight,long sleeve,none,none,casual,striped,deepfashion
Midi_Tank_Dress_img_00000038,Midi_Tank_Dress_img_00000038.jpg,dress,midi,none,none,none,casual,plain,deepfashion
Hooded_French_Terry_Dress_img_00000012,Hooded_French_Terry_Dress_img_00000012.jpg,dress,straight,none,none,none,casual,plain,deepfashion
Faux-Wrap_Surplice_Printed_Dress_img_00000036,Faux-Wrap_Surplice_Printed_Dress_img_00000036.jpg,dress,wrap,none,none,none,casual,graphic print,deepfashion
Tweed-Paneled_Sheath_Dress_img_00000060,Tweed-Paneled_Sheath_Dress_img_00000060.jpg,dress,straight,none,none,none,casual,plain,deepfashion
Gathered_Floral_Lace_Dress_img_00000007,Gathered_Floral_Lace_Dress_img_00000007.jpg,dress,straight,sleeveless,none,none,romantic,floral,deepfashion
Crochet-Embroidered_Midi_Dress_img_00000026,Crochet-Embroidered_Midi_Dress_img_00000026.jpg,dress,midi,none,none,none,bohemian,embroidered,deepfashion
Spot_On_Scoop-Neck_Dress_img_00000046,Spot_On_Scoop-Neck_Dress_img_00000046.jpg,dress,straight,none,none,none,casual,plain,deepfashion
Draped_Tie-Back_Midi_Dress_img_00000013,Draped_Tie-Back_Midi_Dress_img_00000013.jpg,dress,midi,none,none,none,casual,plain,deepfashion
Metallic_Knit_Bodycon_Dress_img_00000005,Metallic_Knit_Bodycon_Dress_img_00000005.jpg,dress,bodycon,none,none,none,casual,textured,deepfashion
Woven_Shift_Dress_img_00000046,Woven_Shift_Dress_img_00000046.jpg,dress,shift,none,none,none,casual,plain,deepfashion
Diamond-Cutout_Maxi_Dress_img_00000042,Diamond-Cutout_Maxi_Dress_img_00000042.jpg,dress,maxi,none,none,none,casual,plain,deepfashion
Abstract_Print_Pleated_Dress_img_00000002,Abstract_Print_Pleated_Dress_img_00000002.jpg,dress,pleated,none,none,none,casual,abstract,deepfashion
V-Neck_Box_Pleat_Dress_img_00000045,V-Neck_Box_Pleat_Dress_img_00000045.jpg,dress,a-line,none,v-neck,none,casual,plain,deepfashion
Abstract_Zigzag_Maxi_Dress_img_00000052,Abstract_Zigzag_Maxi_Dress_img_00000052.jpg,dress,maxi,none,none,none,casual,abstract,deepfashion
Pleated_Woven_Dress_img_00000055,Pleated_Woven_Dress_img_00000055.jpg,dress,pleated,none,none,none,casual,plain,deepfashion
Hooded_Side-Slit_Maxi_Dress_img_00000018,Hooded_Side-Slit_Maxi_Dress_img_00000018.jpg,dress,maxi,none,none,none,casual,textured,deepfashion
Abstract_Print_Pleated_Dress_img_00000019,Abstract_Print_Pleated_Dress_img_00000019.jpg,dress,pleated,none,none,none,casual,abstract,deepfashion
Elegant_Crochet_Lace_Dress_img_00000021,Elegant_Crochet_Lace_Dress_img_00000021.jpg,dress,straight,none,v-neck,none,romantic,lace,deepfashion
Western-Inspired_Surplice_Dress_img_00000024,Western-Inspired_Surplice_Dress_img_00000024.jpg,dress,straight,none,none,none,casual,plain,deepfashion
Sweetheart_High-Low_Dress_img_00000087,Sweetheart_High-Low_Dress_img_00000087.jpg,dress,straight,none,strapless,none,casual,plain,deepfashion
Cross-Back_Bodycon_Dress_img_00000049,Cross-Back_Bodycon_Dress_img_00000049.jpg,dress,bodycon,none,none,none,casual,plain,deepfashion
Damask_Pattern_A-Line_Dress_img_00000017,Damask_Pattern_A-Line_Dress_img_00000017.jpg,dress,a-line,short sleeve,none,none,casual,plain,deepfashion
Striped_Belted_Dress_img_00000007,Striped_Belted_Dress_img_00000007.jpg,dress,straight,none,none,none,casual,striped,deepfashion
Floral-Embroidered_Scalloped_Dress_img_00000016,Floral-Embroidered_Scalloped_Dress_img_00000016.jpg,dress,straight,none,none,none,romantic,floral,deepfashion
Tiered_Fringe_Cami_Dress_img_00000044,Tiered_Fringe_Cami_Dress_img_00000044.jpg,dress,straight,none,none,none,casual,plain,deepfashion
Floral_Print_Mesh_Dress_img_00000058,Floral_Print_Mesh_Dress_img_00000058.jpg,dress,maxi,long sleeve,none,none,romantic,floral,deepfashion
Textured_Knit_Zipper_Dress_img_00000057,Textured_Knit_Zipper_Dress_img_00000057.jpg,dress,straight,none,none,none,casual,textured,deepfashion
Textured_V-Neck_Dress_img_00000054,Textured_V-Neck_Dress_img_00000054.jpg,dress,straight,none,v-neck,none,casual,textured,deepfashion
Textured_A-Line_Dress_img_00000025,Textured_A-Line_Dress_img_00000025.jpg,dress,a-line,none,none,none,casual,textured,deepfashion
Striped_Stretch-Knit_Dress_img_00000029,Striped_Stretch-Knit_Dress_img_00000029.jpg,dress,maxi,sleeveless,strapless,none,casual,striped,deepfashion
Embossed_Mock_Neck_Dress_img_00000017,Embossed_Mock_Neck_Dress_img_00000017.jpg,dress,a-line,none,none,none,casual,plain,deepfashion
Square_Neck_Skater_Dress_img_00000034,Square_Neck_Skater_Dress_img_00000034.jpg,dress,skater,short sleeve,none,none,romantic,lace,deepfashion
High-Slit_Maxi_Dress_img_00000075,High-Slit_Maxi_Dress_img_00000075.jpg,dress,maxi,none,none,none,casual,plain,deepfashion
V-Neck_Striped_Dress_img_00000005,V-Neck_Striped_Dress_img_00000005.jpg,dress,straight,none,v-neck,none,casual,striped,deepfashion
Drawstring_Cargo_Dress_img_00000036,Drawstring_Cargo_Dress_img_00000036.jpg,dress,maxi,none,none,none,casual,striped,deepfashion
Miami_Heat_Logo_Dress_img_00000040,Miami_Heat_Logo_Dress_img_00000040.jpg,dress,straight,none,none,none,casual,plain,deepfashion
Striped_Mini_Dress_img_00000026,Striped_Mini_Dress_img_00000026.jpg,dress,mini,none,none,none,casual,striped,deepfashion
Turtleneck_Sweater_Dress_img_00000070,Turtleneck_Sweater_Dress_img_00000070.jpg,dress,straight,none,none,none,casual,plain,deepfashion
Hooded_Maxi_Dress_img_00000017,Hooded_Maxi_Dress_img_00000017.jpg,dress,maxi,none,none,none,casual,textured,deepfashion
Ruffled_Mineral_Wash_Cami_Dress_img_00000009,Ruffled_Mineral_Wash_Cami_Dress_img_00000009.jpg,dress,straight,none,none,none,casual,plain,deepfashion
Floral_Lace_Overlay_Dress_img_00000044,Floral_Lace_Overlay_Dress_img_00000044.jpg,dress,mini,none,none,none,romantic,floral,deepfashion
Daisy_Shift_Dress_img_00000017,Daisy_Shift_Dress_img_00000017.jpg,dress,shift,none,none,none,casual,plain,deepfashion
Tribal_Print_Fringe_Cami_Dress_img_00000006,Tribal_Print_Fringe_Cami_Dress_img_00000006.jpg,dress,straight,none,none,none,casual,graphic print,deepfashion
Dropped-Hem_Lace_Sheath_Dress_img_00000034,Dropped-Hem_Lace_Sheath_Dress_img_00000034.jpg,dress,straight,none,none,none,romantic,lace,deepfashion
Striped_Maxi_Tank_Dress_img_00000047,Striped_Maxi_Tank_Dress_img_00000047.jpg,dress,maxi,none,none,none,casual,striped,deepfashion
Cutout_Crochet-Paneled_Dress_img_00000004,Cutout_Crochet-Paneled_Dress_img_00000004.jpg,dress,straight,none,none,none,casual,plain,deepfashion
Semi-Sheer_Curved_Hem_Dress_img_00000030,Semi-Sheer_Curved_Hem_Dress_img_00000030.jpg,dress,skater,none,none,none,romantic,lace,deepfashion
Sequined_Paisley_Shift_Dress_img_00000031,Sequined_Paisley_Shift_Dress_img_00000031.jpg,dress,shift,none,none,none,casual,paisley,deepfashion
Crochet-Trimmed_Maxi_Dress_img_00000007,Crochet-Trimmed_Maxi_Dress_img_00000007.jpg,dress,maxi,none,none,none,casual,plain,deepfashion
Crossback_Woven_Maxi_Dress_img_00000033,Crossback_Woven_Maxi_Dress_img_00000033.jpg,dress,maxi,none,none,none,casual,plain,deepfashion
Waist_Pocket_Shift_Dress_img_00000051,Waist_Pocket_Shift_Dress_img_00000051.jpg,dress,shift,none,none,none,casual,plain,deepfashion
Garden_Party_Bow_Dress_img_00000009,Garden_Party_Bow_Dress_img_00000009.jpg,dress,straight,none,none,none,casual,plain,deepfashion
Open-Shoulder_Eyelash_Lace_Dress_img_00000003,Open-Shoulder_Eyelash_Lace_Dress_img_00000003.jpg,dress,straight,none,none,none,romantic,lace,deepfashion
Layered_Cutout_Midi_Dress_img_00000030,Layered_Cutout_Midi_Dress_img_00000030.jpg,dress,midi,none,none,none,casual,plain,deepfashion
Cutout-Front_Textured_Bodycon_Dress_img_00000046,Cutout-Front_Textured_Bodycon_Dress_img_00000046.jpg,dress,bodycon,none,none,none,casual,textured,deepfashion
Lace_Shift_Dress_img_00000063,Lace_Shift_Dress_img_00000063.jpg,dress,shift,none,none,none,romantic,lace,deepfashion
Tribal_Print_Dress_img_00000018,Tribal_Print_Dress_img_00000018.jpg,dress,straight,none,none,none,casual,graphic print,deepfashion
Ribbed_Knit_Striped_Dress_img_00000042,Ribbed_Knit_Striped_Dress_img_00000042.jpg,dress,straight,none,strapless,none,casual,striped,deepfashion
Daisy_Print_Shift_Dress_img_00000023,Daisy_Print_Shift_Dress_img_00000023.jpg,dress,shift,none,none,none,casual,graphic print,deepfashion
Spotted_Rose_Bodycon_Dress_img_00000011,Spotted_Rose_Bodycon_Dress_img_00000011.jpg,dress,bodycon,none,none,none,casual,plain,deepfashion
Flounce_Maxi_Dress_img_00000064,Flounce_Maxi_Dress_img_00000064.jpg,dress,maxi,none,none,none,casual,plain,deepfashion
Turtleneck_Sweater_Dress_img_00000081,Turtleneck_Sweater_Dress_img_00000081.jpg,dress,midi,long sleeve,none,none,casual,plain,deepfashion
Tie-Dye_Dolman_Sleeve_Dress_img_00000007,Tie-Dye_Dolman_Sleeve_Dress_img_00000007.jpg,dress,maxi,dolman sleeve,none,none,casual,plain,deepfashion
Lace_Combo_Smock_Dress_img_00000001,Lace_Combo_Smock_Dress_img_00000001.jpg,dress,skater,none,none,none,romantic,lace,deepfashion
Striped_Polo_Dress_img_00000062,Striped_Polo_Dress_img_00000062.jpg,dress,straight,none,none,none,casual,striped,deepfashion
Striped_Turtleneck_Dress_img_00000049,Striped_Turtleneck_Dress_img_00000049.jpg,dress,straight,none,none,none,casual,striped,deepfashion
Lace-Trimmed_Fit_&_Flare_Dress_img_00000029,Lace-Trimmed_Fit_&_Flare_Dress_img_00000029.jpg,dress,fit and flare,none,none,none,romantic,lace,deepfashion
Strapless_X-Ray_Roses_Dress_img_00000048,Strapless_X-Ray_Roses_Dress_img_00000048.jpg,dress,straight,none,strapless,none,casual,plain,deepfashion
Striped_Racerback_Maxi_Dress_img_00000034,Striped_Racerback_Maxi_Dress_img_00000034.jpg,dress,maxi,none,none,none,casual,striped,deepfashion
Miami_Heat_Logo_Dress_img_00000010,Miami_Heat_Logo_Dress_img_00000010.jpg,dress,straight,none,none,none,casual,plain,deepfashion
Velveteen_Surplice_Dress_img_00000035,Velveteen_Surplice_Dress_img_00000035.jpg,dress,straight,none,none,none,casual,plain,deepfashion
Enchanted_Maxi_Dress_img_00000052,Enchanted_Maxi_Dress_img_00000052.jpg,dress,maxi,none,none,none,romantic,floral,deepfashion
Crochet-Trimmed_Crepe_Maxi_Dress_img_00000039,Crochet-Trimmed_Crepe_Maxi_Dress_img_00000039.jpg,dress,maxi,none,none,none,casual,plain,deepfashion
Bodycon_Faux_Wrap_Dress_img_00000062,Bodycon_Faux_Wrap_Dress_img_00000062.jpg,dress,bodycon,long sleeve,none,none,casual,plain,deepfashion
Floral_Lace_Halter_Dress_img_00000030,Floral_Lace_Halter_Dress_img_00000030.jpg,dress,straight,sleeveless,halter,none,romantic,floral,deepfashion
Paint_It_Red_Valentina_Dress_img_00000058,Paint_It_Red_Valentina_Dress_img_00000058.jpg,dress,straight,none,none,none,casual,plain,deepfashion
Tie-Dye_Midi_Dress_img_00000062,Tie-Dye_Midi_Dress_img_00000062.jpg,dress,midi,none,none,none,casual,plain,deepfashion
Draped_Hem_V-Neck_Dress_img_00000047,Draped_Hem_V-Neck_Dress_img_00000047.jpg,dress,shift,none,v-neck,none,casual,plain,deepfashion
Striped_Midi_Dress_img_00000003,Striped_Midi_Dress_img_00000003.jpg,dress,midi,none,none,none,casual,striped,deepfashion
Textured_Floral_Skater_Dress_img_00000010,Textured_Floral_Skater_Dress_img_00000010.jpg,dress,skater,sleeveless,none,none,romantic,floral,deepfashion
36_Plaid_Shirt_Dress_img_00000035,36_Plaid_Shirt_Dress_img_00000035.jpg,dress,straight,none,none,none,casual,checkered,deepfashion
Marled_Knit_Bodycon_Dress_img_00000036,Marled_Knit_Bodycon_Dress_img_00000036.jpg,dress,bodycon,none,none,none,casual,textured,deepfashion
Striped_Halter_Maxi_Dress_img_00000071,Striped_Halter_Maxi_Dress_img_00000071.jpg,dress,maxi,none,halter,none,casual,striped,deepfashion
Raga_Tie-Dye_Ladder_Cutout_Maxi_Dress_img_00000012,Raga_Tie-Dye_Ladder_Cutout_Maxi_Dress_img_00000012.jpg,dress,maxi,none,none,none,casual,plain,deepfashion
Heathered_Trapeze_Dress_img_00000007,Heathered_Trapeze_Dress_img_00000007.jpg,dress,shift,none,none,none,casual,plain,deepfashion
Self-Tie_Shift_Dress_img_00000021,Self-Tie_Shift_Dress_img_00000021.jpg,dress,shift,none,none,none,romantic,floral,deepfashion
Tropical_Floral_Bodycon_Dress_img_00000041,Tropical_Floral_Bodycon_Dress_img_00000041.jpg,dress,bodycon,none,none,none,romantic,floral,deepfashion
Abstract_Floral_Tie-Waist_Dress_img_00000041,Abstract_Floral_Tie-Waist_Dress_img_00000041.jpg,dress,a-line,sleeveless,none,none,romantic,floral,deepfashion
Jersey_Knit_Maxi_Dress_img_00000013,Jersey_Knit_Maxi_Dress_img_00000013.jpg,dress,maxi,none,none,none,casual,textured,deepfashion
Striped_Sheath_Dress_img_00000067,Striped_Sheath_Dress_img_00000067.jpg,dress,straight,none,none,none,casual,striped,deepfashion
Lace_Print_Shift_Dress_img_00000035,Lace_Print_Shift_Dress_img_00000035.jpg,dress,shift,sleeveless,none,none,romantic,lace,deepfashion
Paisley_High-Slit_Maxi_Dress_img_00000027,Paisley_High-Slit_Maxi_Dress_img_00000027.jpg,dress,maxi,none,none,none,casual,paisley,deepfashion
Plush_Polka_Dot_Robe_img_00000060,Plush_Polka_Dot_Robe_img_00000060.jpg,dress,straight,none,none,none,casual,polka dot,deepfashion
Mesh-Trimmed_Skater_Dress_img_00000034,Mesh-Trimmed_Skater_Dress_img_00000034.jpg,dress,skater,none,none,none,romantic,lace,deepfashion
Button-Down_Chambray_Dress_img_00000046,Button-Down_Chambray_Dress_img_00000046.jpg,dress,straight,none,none,none,casual,plain,deepfashion
Striped_Shift_Drawstring_Dress_img_00000016,Striped_Shift_Drawstring_Dress_img_00000016.jpg,dress,shift,long sleeve,none,none,casual,striped,deepfashion
Tweed_Fit_&_Flare_Dress_img_00000010,Tweed_Fit_&_Flare_Dress_img_00000010.jpg,dress,fit and flare,none,none,none,casual,plain,deepfashion
Embroidered_Gauze_Peasant_Dress_img_00000019,Embroidered_Gauze_Peasant_Dress_img_00000019.jpg,dress,straight,none,none,none,romantic,embroidered,deepfashion
Geo-Patterned_Fit_&_Flare_Dress_img_00000001,Geo-Patterned_Fit_&_Flare_Dress_img_00000001.jpg,dress,fit and flare,none,none,none,casual,geometric,deepfashion
Free_Spirit_Floral_Maxi_Dress_img_00000010,Free_Spirit_Floral_Maxi_Dress_img_00000010.jpg,dress,maxi,none,none,none,romantic,floral,deepfashion
Crinkled_Crepe_Halter_Dress_img_00000008,Crinkled_Crepe_Halter_Dress_img_00000008.jpg,dress,maxi,none,halter,none,casual,plain,deepfashion
Flirty_Floral_Smock_Dress_img_00000011,Flirty_Floral_Smock_Dress_img_00000011.jpg,dress,straight,none,none,none,romantic,floral,deepfashion
Striped_T-Back_Maxi_Dress_img_00000046,Striped_T-Back_Maxi_Dress_img_00000046.jpg,dress,maxi,none,none,none,casual,striped,deepfashion
Heathered_High-Slit_Maxi_Dress_img_00000023,Heathered_High-Slit_Maxi_Dress_img_00000023.jpg,dress,maxi,none,none,none,casual,textured,deepfashion
Festive_Fit_&_Flare_Dress_img_00000063,Festive_Fit_&_Flare_Dress_img_00000063.jpg,dress,fit and flare,none,none,none,casual,plain,deepfashion
Ribbed_Stripe-Trim_Dress_img_00000005,Ribbed_Stripe-Trim_Dress_img_00000005.jpg,dress,fit and flare,none,none,none,casual,striped,deepfashion
Faux_Wrap_Stripe_Dress_img_00000040,Faux_Wrap_Stripe_Dress_img_00000040.jpg,dress,wrap,none,none,none,casual,striped,deepfashion
Medallion_Print_Cami_Dress_img_00000025,Medallion_Print_Cami_Dress_img_00000025.jpg,dress,straight,none,none,none,casual,graphic print,deepfashion
Baroque_Jacquard_Layered_Dress_img_00000060,Baroque_Jacquard_Layered_Dress_img_00000060.jpg,dress,straight,none,none,none,casual,plain,deepfashion
Button-Down_Denim_Dress_img_00000027,Button-Down_Denim_Dress_img_00000027.jpg,dress,straight,none,none,none,casual,denim,deepfashion
Strapless_Paisley_Dress_img_00000037,Strapless_Paisley_Dress_img_00000037.jpg,dress,maxi,none,strapless,none,bohemian,paisley,deepfashion
Zippered_Raglan_Hoodie_img_00000026,Zippered_Raglan_Hoodie_img_00000026.jpg,hoodie,regular fit,raglan sleeve,none,none,casual,graphic print,deepfashion
Sleeveless_Hoodie_img_00000041,Sleeveless_Hoodie_img_00000041.jpg,hoodie,regular fit,sleeveless,none,none,casual,plain,deepfashion
Paris_France_Sleeveless_Hoodie_img_00000021,Paris_France_Sleeveless_Hoodie_img_00000021.jpg,hoodie,regular fit,sleeveless,none,none,casual,plain,deepfashion
Mesh_Pullover_Hoodie_img_00000041,Mesh_Pullover_Hoodie_img_00000041.jpg,hoodie,regular fit,none,none,none,casual,plain,deepfashion
Love_Sleep_Boxy_Hoodie_img_00000010,Love_Sleep_Boxy_Hoodie_img_00000010.jpg,hoodie,boxy,none,none,none,casual,plain,deepfashion
High-Neck_Neoprene_Hoodie_img_00000013,High-Neck_Neoprene_Hoodie_img_00000013.jpg,hoodie,regular fit,none,collared,none,casual,plain,deepfashion
ASPCA_Happy_Face_Hoodie_img_00000040,ASPCA_Happy_Face_Hoodie_img_00000040.jpg,hoodie,regular fit,none,none,none,casual,plain,deepfashion
Dreaming_And_Scheming_Hoodie_img_00000008,Dreaming_And_Scheming_Hoodie_img_00000008.jpg,hoodie,regular fit,none,v-neck,none,casual,plain,deepfashion
Henley_Pullover_Hoodie_img_00000027,Henley_Pullover_Hoodie_img_00000027.jpg,hoodie,regular fit,raglan sleeve,none,none,casual,plain,deepfashion
Zip-Front_Hoodie_img_00000047,Zip-Front_Hoodie_img_00000047.jpg,hoodie,regular fit,none,none,none,casual,plain,deepfashion
Dolman_Sleeve_Hoodie_img_00000021,Dolman_Sleeve_Hoodie_img_00000021.jpg,hoodie,regular fit,dolman sleeve,none,none,casual,plain,deepfashion
French_Graphic_Hoodie_img_00000044,French_Graphic_Hoodie_img_00000044.jpg,hoodie,regular fit,none,none,none,casual,plain,deepfashion
LA_Graphic_Hoodie_img_00000040,LA_Graphic_Hoodie_img_00000040.jpg,hoodie,regular fit,none,none,none,casual,plain,deepfashion
Barbie_Kiss_Hoodie_img_00000025,Barbie_Kiss_Hoodie_img_00000025.jpg,hoodie,regular fit,none,none,none,casual,plain,deepfashion
Colorblocked_French_Terry_Hoodie_img_00000039,Colorblocked_French_Terry_Hoodie_img_00000039.jpg,hoodie,regular fit,none,none,none,casual,plain,deepfashion
No_Way_Boxy_Hoodie_img_00000021,No_Way_Boxy_Hoodie_img_00000021.jpg,hoodie,boxy,none,none,none,casual,plain,deepfashion
Abstract-Quilted_Drawstring_Hoodie_img_00000032,Abstract-Quilted_Drawstring_Hoodie_img_00000032.jpg,hoodie,regular fit,none,none,none,casual,abstract,deepfashion
Heathered_Cities_Graphic_Hoodie_img_00000008,Heathered_Cities_Graphic_Hoodie_img_00000008.jpg,hoodie,regular fit,none,none,none,casual,plain,deepfashion
Striped_Knit_Pullover_Hoodie_img_00000061,Striped_Knit_Pullover_Hoodie_img_00000061.jpg,hoodie,regular fit,none,none,none,casual,striped,deepfashion
Marled_Knit_Zippered_Hoodie_img_00000032,Marled_Knit_Zippered_Hoodie_img_00000032.jpg,hoodie,regular fit,none,none,none,casual,textured,deepfashion
Classic_Pullover_Hoodie_img_00000078,Classic_Pullover_Hoodie_img_00000078.jpg,hoodie,regular fit,none,none,none,classic,plain,deepfashion
Zippered_Raglan_Hoodie_img_00000045,Zippered_Raglan_Hoodie_img_00000045.jpg,hoodie,regular fit,raglan sleeve,none,none,casual,plain,deepfashion
Tie-Dye_Hoodie_img_00000067,Tie-Dye_Hoodie_img_00000067.jpg,hoodie,regular fit,none,none,none,casual,plain,deepfashion
Abstract-Quilted_Drawstring_Hoodie_img_00000031,Abstract-Quilted_Drawstring_Hoodie_img_00000031.jpg,hoodie,regular fit,none,none,none,casual,abstract,deepfashion
Heathered_Cities_Graphic_Hoodie_img_00000010,Heathered_Cities_Graphic_Hoodie_img_00000010.jpg,hoodie,regular fit,none,none,none,casual,plain,deepfashion
Marled_Colorblock_Raglan_Hoodie_img_00000030,Marled_Colorblock_Raglan_Hoodie_img_00000030.jpg,hoodie,regular fit,raglan sleeve,none,none,casual,plain,deepfashion
Brooklyn_Nets_Logo_Hoodie_img_00000057,Brooklyn_Nets_Logo_Hoodie_img_00000057.jpg,hoodie,regular fit,none,none,none,casual,plain,deepfashion
City_of_Lights_Hoodie_img_00000020,City_of_Lights_Hoodie_img_00000020.jpg,hoodie,regular fit,none,none,none,casual,plain,deepfashion
Heathered_Zip_Hoodie_img_00000048,Heathered_Zip_Hoodie_img_00000048.jpg,hoodie,regular fit,none,none,none,casual,plain,deepfashion
Textured_Knit_Hoodie_img_00000048,Textured_Knit_Hoodie_img_00000048.jpg,hoodie,regular fit,raglan sleeve,none,none,casual,textured,deepfashion
Cropped_Striped_Hoodie_img_00000029,Cropped_Striped_Hoodie_img_00000029.jpg,hoodie,cropped,sleeveless,none,none,casual,striped,deepfashion
Heathered_Double-Drawstring_Hoodie_img_00000016,Heathered_Double-Drawstring_Hoodie_img_00000016.jpg,hoodie,regular fit,none,none,none,casual,plain,deepfashion
Tie-Dye_Hoodie_img_00000053,Tie-Dye_Hoodie_img_00000053.jpg,hoodie,regular fit,none,none,none,casual,plain,deepfashion
Tie-Dye_Hoodie_img_00000035,Tie-Dye_Hoodie_img_00000035.jpg,hoodie,regular fit,none,none,none,casual,plain,deepfashion
Zip-Front_Hoodie_img_00000023,Zip-Front_Hoodie_img_00000023.jpg,hoodie,regular fit,none,none,none,casual,plain,deepfashion
Dreaming_And_Scheming_Hoodie_img_00000020,Dreaming_And_Scheming_Hoodie_img_00000020.jpg,hoodie,regular fit,none,none,none,casual,plain,deepfashion
Zip-Front_Hoodie_img_00000037,Zip-Front_Hoodie_img_00000037.jpg,hoodie,regular fit,none,none,none,casual,plain,deepfashion
Ditsy_Floral_Knit_Hoodie_img_00000042,Ditsy_Floral_Knit_Hoodie_img_00000042.jpg,hoodie,regular fit,none,none,none,casual,floral,deepfashion
Heathered_Zip-Up_Hoodie_img_00000060,Heathered_Zip-Up_Hoodie_img_00000060.jpg,hoodie,regular fit,none,none,none,casual,plain,deepfashion
Love_Sleep_Boxy_Hoodie_img_00000031,Love_Sleep_Boxy_Hoodie_img_00000031.jpg,hoodie,boxy,none,none,none,casual,plain,deepfashion
Love_Sleep_Boxy_Hoodie_img_00000013,Love_Sleep_Boxy_Hoodie_img_00000013.jpg,hoodie,boxy,none,none,none,casual,floral,deepfashion
Colorblocked_French_Terry_Hoodie_img_00000020,Colorblocked_French_Terry_Hoodie_img_00000020.jpg,hoodie,regular fit,none,none,none,casual,plain,deepfashion
High-Neck_Neoprene_Hoodie_img_00000018,High-Neck_Neoprene_Hoodie_img_00000018.jpg,hoodie,regular fit,none,collared,none,casual,plain,deepfashion
EPTM._Zippered_Stripe_Hoodie_img_00000010,EPTM._Zippered_Stripe_Hoodie_img_00000010.jpg,hoodie,regular fit,none,none,none,casual,striped,deepfashion
Longline_Raw-Cut_Hoodie_img_00000001,Longline_Raw-Cut_Hoodie_img_00000001.jpg,hoodie,oversized,short sleeve,none,none,casual,plain,deepfashion
Faded_Zippered_Sleeveless_Hoodie_img_00000012,Faded_Zippered_Sleeveless_Hoodie_img_00000012.jpg,hoodie,regular fit,sleeveless,none,none,casual,plain,deepfashion
Dolman_Sleeve_Hoodie_img_00000010,Dolman_Sleeve_Hoodie_img_00000010.jpg,hoodie,regular fit,dolman sleeve,none,none,casual,plain,deepfashion
Side-Zipper_Drawstring_Hoodie_img_00000034,Side-Zipper_Drawstring_Hoodie_img_00000034.jpg,hoodie,regular fit,none,none,none,casual,plain,deepfashion
Tie-Dye_Hoodie_img_00000029,Tie-Dye_Hoodie_img_00000029.jpg,hoodie,regular fit,none,none,none,casual,plain,deepfashion
Zippered_Raglan_Hoodie_img_00000080,Zippered_Raglan_Hoodie_img_00000080.jpg,hoodie,regular fit,raglan sleeve,collared,none,casual,plain,deepfashion
Open-Front_Baja_Hoodie_img_00000009,Open-Front_Baja_Hoodie_img_00000009.jpg,hoodie,regular fit,none,none,none,casual,plain,deepfashion
Cropped_Striped_Hoodie_img_00000035,Cropped_Striped_Hoodie_img_00000035.jpg,hoodie,cropped,none,none,none,casual,striped,deepfashion
Rebel_Graphic_Hoodie_img_00000048,Rebel_Graphic_Hoodie_img_00000048.jpg,hoodie,regular fit,none,none,none,casual,plain,deepfashion
Longline_Raw-Cut_Hoodie_img_00000019,Longline_Raw-Cut_Hoodie_img_00000019.jpg,hoodie,regular fit,none,none,none,casual,plain,deepfashion
Heathered_Zip_Hoodie_img_00000049,Heathered_Zip_Hoodie_img_00000049.jpg,hoodie,regular fit,none,none,none,casual,plain,deepfashion
Faux_Leather_Panel_Hoodie_img_00000010,Faux_Leather_Panel_Hoodie_img_00000010.jpg,hoodie,regular fit,none,none,none,casual,plain,deepfashion
Local_Heroes_Cropped_Hoodie_img_00000001,Local_Heroes_Cropped_Hoodie_img_00000001.jpg,hoodie,cropped,none,none,none,casual,plain,deepfashion
Miami_Heat_Logo_Hoodie_img_00000010,Miami_Heat_Logo_Hoodie_img_00000010.jpg,hoodie,regular fit,none,none,none,casual,plain,deepfashion
Marled_Colorblock_Raglan_Hoodie_img_00000034,Marled_Colorblock_Raglan_Hoodie_img_00000034.jpg,hoodie,regular fit,raglan sleeve,crew neck,none,casual,striped,deepfashion
Faded_Zippered_Sleeveless_Hoodie_img_00000020,Faded_Zippered_Sleeveless_Hoodie_img_00000020.jpg,hoodie,regular fit,sleeveless,none,none,casual,plain,deepfashion
Miami_Heat_Logo_Hoodie_img_00000060,Miami_Heat_Logo_Hoodie_img_00000060.jpg,hoodie,regular fit,none,none,none,casual,plain,deepfashion
Sleeveless_Hoodie_img_00000058,Sleeveless_Hoodie_img_00000058.jpg,hoodie,regular fit,sleeveless,none,none,casual,plain,deepfashion
Heathered_Zip_Hoodie_img_00000064,Heathered_Zip_Hoodie_img_00000064.jpg,hoodie,regular fit,none,none,none,casual,plain,deepfashion
Marled_Stripe_Drawstring_Hoodie_img_00000013,Marled_Stripe_Drawstring_Hoodie_img_00000013.jpg,hoodie,regular fit,none,none,none,casual,striped,deepfashion
Miami_Heat_Logo_Hoodie_img_00000043,Miami_Heat_Logo_Hoodie_img_00000043.jpg,hoodie,regular fit,none,none,none,casual,plain,deepfashion
Classic_Pullover_Hoodie_img_00000036,Classic_Pullover_Hoodie_img_00000036.jpg,hoodie,regular fit,none,none,none,classic,plain,deepfashion
Zippered_Raglan_Hoodie_img_00000016,Zippered_Raglan_Hoodie_img_00000016.jpg,hoodie,regular fit,raglan sleeve,none,none,casual,striped,deepfashion
Longline_Side-Slit_Hoodie_img_00000012,Longline_Side-Slit_Hoodie_img_00000012.jpg,hoodie,regular fit,none,none,none,casual,plain,deepfashion
Striped_Baja_Hoodie_img_00000003,Striped_Baja_Hoodie_img_00000003.jpg,hoodie,regular fit,none,none,none,casual,striped,deepfashion
Heathered_Zip-Up_Hoodie_img_00000054,Heathered_Zip-Up_Hoodie_img_00000054.jpg,hoodie,regular fit,none,none,none,casual,plain,deepfashion
Netted_Mesh_Hoodie_img_00000032,Netted_Mesh_Hoodie_img_00000032.jpg,hoodie,regular fit,none,none,none,casual,plain,deepfashion
Zippered_Sleeveless_Hoodie_img_00000021,Zippered_Sleeveless_Hoodie_img_00000021.jpg,hoodie,regular fit,sleeveless,none,none,casual,plain,deepfashion
Striped_Baja_Hoodie_img_00000057,Striped_Baja_Hoodie_img_00000057.jpg,hoodie,regular fit,none,none,none,casual,striped,deepfashion
Not_Your_Wifey_Hoodie_img_00000027,Not_Your_Wifey_Hoodie_img_00000027.jpg,hoodie,regular fit,none,none,none,casual,plain,deepfashion
French_Graphic_Hoodie_img_00000048,French_Graphic_Hoodie_img_00000048.jpg,hoodie,regular fit,none,none,none,casual,denim,deepfashion
Zippered_Sleeveless_Hoodie_img_00000013,Zippered_Sleeveless_Hoodie_img_00000013.jpg,hoodie,regular fit,sleeveless,none,none,casual,plain,deepfashion
Dolman_Sleeve_Hoodie_img_00000036,Dolman_Sleeve_Hoodie_img_00000036.jpg,hoodie,regular fit,dolman sleeve,none,none,casual,plain,deepfashion
Miami_Heat_Logo_Hoodie_img_00000042,Miami_Heat_Logo_Hoodie_img_00000042.jpg,hoodie,regular fit,none,none,none,casual,plain,deepfashion
Slub_Knit_Drawstring_Hoodie_img_00000048,Slub_Knit_Drawstring_Hoodie_img_00000048.jpg,hoodie,regular fit,none,none,none,casual,textured,deepfashion
Heathered_Double-Drawstring_Hoodie_img_00000011,Heathered_Double-Drawstring_Hoodie_img_00000011.jpg,hoodie,regular fit,none,none,none,casual,textured,deepfashion
Miami_Heat_Logo_Hoodie_img_00000059,Miami_Heat_Logo_Hoodie_img_00000059.jpg,hoodie,regular fit,none,none,none,casual,plain,deepfashion
Zip-Front_Hoodie_img_00000030,Zip-Front_Hoodie_img_00000030.jpg,hoodie,regular fit,none,none,none,casual,plain,deepfashion
Simba_Graphic_Hoodie_img_00000006,Simba_Graphic_Hoodie_img_00000006.jpg,hoodie,regular fit,none,none,none,casual,graphic print,deepfashion
Zippered_Raglan_Hoodie_img_00000005,Zippered_Raglan_Hoodie_img_00000005.jpg,hoodie,regular fit,raglan sleeve,none,none,casual,plain,deepfashion
French_Terry_Hoodie_img_00000039,French_Terry_Hoodie_img_00000039.jpg,hoodie,regular fit,none,none,none,casual,plain,deepfashion
Marled_Zip-Up_Hoodie_img_00000008,Marled_Zip-Up_Hoodie_img_00000008.jpg,hoodie,regular fit,none,none,none,casual,plain,deepfashion
Heathered_Knit_Batwing_Hoodie_img_00000009,Heathered_Knit_Batwing_Hoodie_img_00000009.jpg,hoodie,batwing,batwing,none,none,casual,textured,deepfashion
Tie-Dye_Hoodie_img_00000052,Tie-Dye_Hoodie_img_00000052.jpg,hoodie,regular fit,none,none,none,casual,plain,deepfashion
Side-Zipper_Drawstring_Hoodie_img_00000015,Side-Zipper_Drawstring_Hoodie_img_00000015.jpg,hoodie,regular fit,none,none,none,casual,plain,deepfashion
High-Neck_Neoprene_Hoodie_img_00000043,High-Neck_Neoprene_Hoodie_img_00000043.jpg,hoodie,regular fit,none,high neck,none,casual,plain,deepfashion
Zippered_Scuba_Knit_Hoodie_img_00000045,Zippered_Scuba_Knit_Hoodie_img_00000045.jpg,hoodie,regular fit,none,none,none,casual,textured,deepfashion
Local_Heroes_Cropped_Hoodie_img_00000049,Local_Heroes_Cropped_Hoodie_img_00000049.jpg,hoodie,cropped,none,none,none,casual,plain,deepfashion
Heathered_Zip_Hoodie_img_00000073,Heathered_Zip_Hoodie_img_00000073.jpg,hoodie,regular fit,none,none,none,casual,plain,deepfashion
Cropped_Striped_Hoodie_img_00000044,Cropped_Striped_Hoodie_img_00000044.jpg,hoodie,cropped,short sleeve,none,none,casual,striped,deepfashion
Side-Zipper_Drawstring_Hoodie_img_00000009,Side-Zipper_Drawstring_Hoodie_img_00000009.jpg,hoodie,regular fit,none,none,none,casual,plain,deepfashion
Sleeveless_Hoodie_img_00000001,Sleeveless_Hoodie_img_00000001.jpg,hoodie,regular fit,sleeveless,none,none,casual,plain,deepfashion
Striped_Baja_Hoodie_img_00000017,Striped_Baja_Hoodie_img_00000017.jpg,hoodie,regular fit,none,none,none,casual,striped,deepfashion
Cropped_Striped_Hoodie_img_00000013,Cropped_Striped_Hoodie_img_00000013.jpg,hoodie,cropped,none,none,none,casual,striped,deepfashion
Zip-Front_Hoodie_img_00000046,Zip-Front_Hoodie_img_00000046.jpg,hoodie,regular fit,none,none,none,casual,plain,deepfashion
French_Graphic_Hoodie_img_00000022,French_Graphic_Hoodie_img_00000022.jpg,hoodie,regular fit,none,none,none,casual,plain,deepfashion
Marled_Colorblock_Raglan_Hoodie_img_00000021,Marled_Colorblock_Raglan_Hoodie_img_00000021.jpg,hoodie,regular fit,raglan sleeve,none,none,casual,plain,deepfashion
Ditsy_Floral_Knit_Hoodie_img_00000028,Ditsy_Floral_Knit_Hoodie_img_00000028.jpg,hoodie,regular fit,none,none,none,casual,floral,deepfashion
Heathered_Knit_Batwing_Hoodie_img_00000029,Heathered_Knit_Batwing_Hoodie_img_00000029.jpg,hoodie,batwing,batwing,none,none,casual,textured,deepfashion
Zippered_Raglan_Hoodie_img_00000040,Zippered_Raglan_Hoodie_img_00000040.jpg,hoodie,regular fit,raglan sleeve,collared,none,casual,plain,deepfashion
Zip-Front_Hoodie_img_00000069,Zip-Front_Hoodie_img_00000069.jpg,hoodie,regular fit,none,none,none,casual,plain,deepfashion
Miami_Heat_Logo_Hoodie_img_00000027,Miami_Heat_Logo_Hoodie_img_00000027.jpg,hoodie,regular fit,none,none,none,casual,plain,deepfashion
Faded_Zippered_Sleeveless_Hoodie_img_00000026,Faded_Zippered_Sleeveless_Hoodie_img_00000026.jpg,hoodie,regular fit,sleeveless,none,none,casual,graphic print,deepfashion
Sleeveless_Hoodie_img_00000076,Sleeveless_Hoodie_img_00000076.jpg,hoodie,regular fit,sleeveless,none,none,casual,plain,deepfashion
Textured_Knit_Hoodie_img_00000020,Textured_Knit_Hoodie_img_00000020.jpg,hoodie,regular fit,none,none,none,casual,textured,deepfashion
Marled_Zip-Up_Hoodie_img_00000003,Marled_Zip-Up_Hoodie_img_00000003.jpg,hoodie,regular fit,sleeveless,none,none,casual,plain,deepfashion
Rebel_Graphic_Hoodie_img_00000040,Rebel_Graphic_Hoodie_img_00000040.jpg,hoodie,regular fit,none,none,none,casual,plain,deepfashion
Barbie_Kiss_Hoodie_img_00000044,Barbie_Kiss_Hoodie_img_00000044.jpg,hoodie,regular fit,none,none,none,casual,plain,deepfashion
Heathered_Zip-Up_Hoodie_img_00000005,Heathered_Zip-Up_Hoodie_img_00000005.jpg,hoodie,regular fit,none,none,none,casual,plain,deepfashion
Heathered_Knit_Hoodie_img_00000027,Heathered_Knit_Hoodie_img_00000027.jpg,hoodie,regular fit,none,none,none,casual,textured,deepfashion
No_Thank_You_Hoodie_img_00000010,No_Thank_You_Hoodie_img_00000010.jpg,hoodie,regular fit,none,none,none,casual,plain,deepfashion
Textured_Knit_Hoodie_img_00000007,Textured_Knit_Hoodie_img_00000007.jpg,hoodie,regular fit,none,none,none,casual,textured,deepfashion
Sleeveless_Hoodie_img_00000088,Sleeveless_Hoodie_img_00000088.jpg,hoodie,regular fit,sleeveless,none,none,casual,plain,deepfashion
Simba_Graphic_Hoodie_img_00000032,Simba_Graphic_Hoodie_img_00000032.jpg,hoodie,regular fit,none,none,none,casual,plain,deepfashion
Faux_Leather_Panel_Hoodie_img_00000023,Faux_Leather_Panel_Hoodie_img_00000023.jpg,hoodie,regular fit,none,none,none,casual,plain,deepfashion
Faded_Zippered_Sleeveless_Hoodie_img_00000006,Faded_Zippered_Sleeveless_Hoodie_img_00000006.jpg,hoodie,regular fit,sleeveless,none,none,casual,plain,deepfashion
Sheer_Organza_Varsity_Jacket_img_00000044,Sheer_Organza_Varsity_Jacket_img_00000044.jpg,jacket,regular fit,none,none,none,casual,plain,deepfashion
Life_in_Progress_Denim_Jacket_img_00000021,Life_in_Progress_Denim_Jacket_img_00000021.jpg,jacket,regular fit,none,none,none,casual,denim,deepfashion
Desert_Trim_Bomber_Jacket_img_00000024,Desert_Trim_Bomber_Jacket_img_00000024.jpg,jacket,regular fit,none,none,none,classic,textured,deepfashion
Crisp_Woven_Suit_Jacket_img_00000004,Crisp_Woven_Suit_Jacket_img_00000004.jpg,jacket,regular fit,none,none,none,casual,plain,deepfashion
Mineral_Wash_Denim_Jacket_img_00000040,Mineral_Wash_Denim_Jacket_img_00000040.jpg,jacket,regular fit,none,none,none,casual,denim,deepfashion
Hooded_Cotton_Canvas_Anorak_img_00000024,Hooded_Cotton_Canvas_Anorak_img_00000024.jpg,jacket,regular fit,none,none,none,casual,plain,deepfashion
Easy_Camo_Jacket_img_00000077,Easy_Camo_Jacket_img_00000077.jpg,jacket,regular fit,none,none,none,casual,plain,deepfashion
Civil_Regime_Mesh_Bomber_Jacket_img_00000008,Civil_Regime_Mesh_Bomber_Jacket_img_00000008.jpg,jacket,regular fit,none,none,none,casual,plain,deepfashion
Hooded_Puff_Parka_img_00000003,Hooded_Puff_Parka_img_00000003.jpg,jacket,regular fit,none,none,none,casual,plain,deepfashion
Fringed_Chantilly_Lace_Kimono_img_00000025,Fringed_Chantilly_Lace_Kimono_img_00000025.jpg,jacket,regular fit,none,none,none,casual,lace,deepfashion
Cherry_Blossom_Chiffon_Kimono_img_00000012,Cherry_Blossom_Chiffon_Kimono_img_00000012.jpg,jacket,regular fit,none,none,none,casual,plain,deepfashion
Colorblocked_Faux_Leather_Varsity_Jacket_img_00000054,Colorblocked_Faux_Leather_Varsity_Jacket_img_00000054.jpg,jacket,regular fit,none,none,none,casual,plain,deepfashion
Hooded_Varsity_Stripe_Jacket_img_00000021,Hooded_Varsity_Stripe_Jacket_img_00000021.jpg,jacket,regular fit,none,none,none,casual,striped,deepfashion
Tropical_Print_Fringe_Kimono_img_00000004,Tropical_Print_Fringe_Kimono_img_00000004.jpg,jacket,regular fit,none,none,none,casual,graphic print,deepfashion
Varsity-Striped_Baseball_Jacket_img_00000056,Varsity-Striped_Baseball_Jacket_img_00000056.jpg,jacket,regular fit,none,none,none,casual,striped,deepfashion
Floral_Print_Robe_Kimono_img_00000021,Floral_Print_Robe_Kimono_img_00000021.jpg,jacket,regular fit,none,none,none,casual,floral,deepfashion
Multi-Stripe_Open-Front_Jacket_img_00000011,Multi-Stripe_Open-Front_Jacket_img_00000011.jpg,jacket,regular fit,none,none,none,minimal,striped,deepfashion
Civil_Regime_Mesh_Bomber_Jacket_img_00000025,Civil_Regime_Mesh_Bomber_Jacket_img_00000025.jpg,jacket,regular fit,short sleeve,none,none,casual,plain,deepfashion
Faux_Shearling_Moto_Jacket_img_00000020,Faux_Shearling_Moto_Jacket_img_00000020.jpg,jacket,regular fit,none,none,none,casual,plain,deepfashion
Faux_Leather_Peplum_Jacket_img_00000067,Faux_Leather_Peplum_Jacket_img_00000067.jpg,jacket,peplum,none,none,none,casual,plain,deepfashion
Hooded_Asymmetrical_Longline_Jacket_img_00000023,Hooded_Asymmetrical_Longline_Jacket_img_00000023.jpg,jacket,asymmetrical,none,asymmetrical,none,casual,plain,deepfashion
Floral_Lace_Kimono_img_00000025,Floral_Lace_Kimono_img_00000025.jpg,jacket,regular fit,none,none,none,casual,floral,deepfashion
Hooded_Varsity_Stripe_Jacket_img_00000048,Hooded_Varsity_Stripe_Jacket_img_00000048.jpg,jacket,regular fit,none,none,none,casual,striped,deepfashion
Modernist_Hooded_Jacket_img_00000019,Modernist_Hooded_Jacket_img_00000019.jpg,jacket,regular fit,none,none,none,casual,plain,deepfashion
Faux_Leather_Peplum_Jacket_img_00000055,Faux_Leather_Peplum_Jacket_img_00000055.jpg,jacket,peplum,none,none,none,casual,plain,deepfashion
Floral_Paisley_Crochet_Jacket_img_00000025,Floral_Paisley_Crochet_Jacket_img_00000025.jpg,jacket,regular fit,none,none,none,casual,floral,deepfashion
Embroidered_Southwestern_Pattern_Jacket_img_00000015,Embroidered_Southwestern_Pattern_Jacket_img_00000015.jpg,jacket,regular fit,none,none,none,casual,embroidered,deepfashion
Scuba_Knit_Bomber_Jacket_img_00000033,Scuba_Knit_Bomber_Jacket_img_00000033.jpg,jacket,regular fit,none,none,none,casual,textured,deepfashion
Quilted_Faux_Leather_Bomber_img_00000094,Quilted_Faux_Leather_Bomber_img_00000094.jpg,jacket,regular fit,none,none,none,casual,plain,deepfashion
Faux_Leather_&_Mesh_Jacket_img_00000014,Faux_Leather_&_Mesh_Jacket_img_00000014.jpg,jacket,regular fit,none,none,none,casual,plain,deepfashion
Draped_Chiffon_Jacket_img_00000009,Draped_Chiffon_Jacket_img_00000009.jpg,jacket,wrap,none,none,none,casual,plain,deepfashion
Velveteen_Damask_Pattern_Kimono_img_00000013,Velveteen_Damask_Pattern_Kimono_img_00000013.jpg,jacket,wrap,none,none,none,casual,graphic print,deepfashion
Faux_Leather_Biker_Jacket_img_00000004,Faux_Leather_Biker_Jacket_img_00000004.jpg,jacket,regular fit,none,collared,none,casual,plain,deepfashion
Nylon_Raglan_Bomber_Jacket_img_00000008,Nylon_Raglan_Bomber_Jacket_img_00000008.jpg,jacket,regular fit,raglan sleeve,none,none,casual,plain,deepfashion
Hooded_Cotton_Canvas_Anorak_img_00000023,Hooded_Cotton_Canvas_Anorak_img_00000023.jpg,jacket,regular fit,none,none,none,casual,plain,deepfashion
Hooded_High-Neck_Jacket_img_00000047,Hooded_High-Neck_Jacket_img_00000047.jpg,jacket,regular fit,none,collared,none,casual,plain,deepfashion
Embroidered_Chiffon_Kimono_img_00000034,Embroidered_Chiffon_Kimono_img_00000034.jpg,jacket,regular fit,none,v-neck,none,casual,embroidered,deepfashion
Colorblocked_Faux_Leather_Varsity_Jacket_img_00000058,Colorblocked_Faux_Leather_Varsity_Jacket_img_00000058.jpg,jacket,regular fit,none,none,none,casual,plain,deepfashion
Hooded_Cotton_Canvas_Anorak_img_00000146,Hooded_Cotton_Canvas_Anorak_img_00000146.jpg,jacket,regular fit,none,none,none,casual,plain,deepfashion
Boxy_Utility_Jacket_img_00000011,Boxy_Utility_Jacket_img_00000011.jpg,jacket,boxy,none,none,none,casual,plain,deepfashion
Open-Front_Pocket_Kimono_img_00000031,Open-Front_Pocket_Kimono_img_00000031.jpg,jacket,batwing,batwing,none,none,bohemian,floral,deepfashion
Denim_Hoodie_Jacket_img_00000022,Denim_Hoodie_Jacket_img_00000022.jpg,jacket,regular fit,none,none,none,casual,denim,deepfashion
Boxy_Woven_Moto_Jacket_img_00000041,Boxy_Woven_Moto_Jacket_img_00000041.jpg,jacket,boxy,none,none,none,casual,plain,deepfashion
Modernist_Hooded_Jacket_img_00000035,Modernist_Hooded_Jacket_img_00000035.jpg,jacket,regular fit,none,none,none,casual,plain,deepfashion
Faux_Shearling_Collar_Marled_Jacket_img_00000034,Faux_Shearling_Collar_Marled_Jacket_img_00000034.jpg,jacket,regular fit,none,collared,none,casual,plain,deepfashion
Zippered_Open-Front_Jacket_img_00000018,Zippered_Open-Front_Jacket_img_00000018.jpg,jacket,regular fit,none,none,none,casual,plain,deepfashion
Fringed_Lace_Kimono_img_00000016,Fringed_Lace_Kimono_img_00000016.jpg,jacket,regular fit,none,none,none,casual,lace,deepfashion
Power_Mesh_Performance_Jacket_img_00000038,Power_Mesh_Performance_Jacket_img_00000038.jpg,jacket,regular fit,none,none,none,casual,plain,deepfashion
Longline_Crepe_Jacket_img_00000020,Longline_Crepe_Jacket_img_00000020.jpg,jacket,regular fit,none,none,none,casual,plain,deepfashion
Hooded_Puffer_Jacket_img_00000012,Hooded_Puffer_Jacket_img_00000012.jpg,jacket,regular fit,none,none,none,casual,plain,deepfashion
Embroidered_Fringe-Trim_Kimono_img_00000006,Embroidered_Fringe-Trim_Kimono_img_00000006.jpg,jacket,regular fit,none,none,none,casual,embroidered,deepfashion
Floral_Print_Chambray_Kimono_img_00000011,Floral_Print_Chambray_Kimono_img_00000011.jpg,jacket,wrap,none,none,none,casual,floral,deepfashion
Embroidered_Cutout_Bomber_Jacket_img_00000013,Embroidered_Cutout_Bomber_Jacket_img_00000013.jpg,jacket,regular fit,none,none,none,casual,embroidered,deepfashion
Fringed_Lace_Kimono_img_00000005,Fringed_Lace_Kimono_img_00000005.jpg,jacket,regular fit,none,none,none,casual,lace,deepfashion
Fringed_Bandana_Print_Kimono_img_00000021,Fringed_Bandana_Print_Kimono_img_00000021.jpg,jacket,regular fit,none,none,none,bohemian,graphic print,deepfashion
Quilted_Moto_Jacket_img_00000012,Quilted_Moto_Jacket_img_00000012.jpg,jacket,regular fit,none,none,none,casual,plain,deepfashion
Cherry_Blossom_Chiffon_Kimono_img_00000018,Cherry_Blossom_Chiffon_Kimono_img_00000018.jpg,jacket,regular fit,none,none,none,casual,plain,deepfashion
Embroidered_Chiffon_Kimono_img_00000017,Embroidered_Chiffon_Kimono_img_00000017.jpg,jacket,regular fit,none,none,none,casual,embroidered,deepfashion
Tweed_Cutaway_Jacket_img_00000055,Tweed_Cutaway_Jacket_img_00000055.jpg,jacket,regular fit,none,none,none,casual,plain,deepfashion
Hooded_Leaf_Print_Utility_Jacket_img_00000032,Hooded_Leaf_Print_Utility_Jacket_img_00000032.jpg,jacket,regular fit,none,none,none,casual,graphic print,deepfashion
Hooded_Canvas_Utility_Jacket_img_00000042,Hooded_Canvas_Utility_Jacket_img_00000042.jpg,jacket,regular fit,none,none,none,casual,plain,deepfashion
Quilted_Faux_Leather_Bomber_img_00000048,Quilted_Faux_Leather_Bomber_img_00000048.jpg,jacket,regular fit,none,none,none,classic,plain,deepfashion
Slouchy_Twill_Utility_Jacket_img_00000019,Slouchy_Twill_Utility_Jacket_img_00000019.jpg,jacket,regular fit,none,none,none,casual,plain,deepfashion
Pebbled_Faux_Leather_Moto_Jacket_img_00000006,Pebbled_Faux_Leather_Moto_Jacket_img_00000006.jpg,jacket,regular fit,none,none,none,casual,plain,deepfashion
Collarless_Faux_Leather_Moto_Jacket_img_00000024,Collarless_Faux_Leather_Moto_Jacket_img_00000024.jpg,jacket,regular fit,none,collared,none,casual,plain,deepfashion
Embellished_Tile_Print_Kimono_img_00000040,Embellished_Tile_Print_Kimono_img_00000040.jpg,jacket,regular fit,none,none,none,casual,abstract,deepfashion
Collared_Faux_Leather_Jacket_img_00000053,Collared_Faux_Leather_Jacket_img_00000053.jpg,jacket,regular fit,none,collared,none,casual,plain,deepfashion
Scuba_Knit_Varsity_Jacket_img_00000018,Scuba_Knit_Varsity_Jacket_img_00000018.jpg,jacket,regular fit,none,none,none,casual,textured,deepfashion
Tie-Dye_Kimono_img_00000023,Tie-Dye_Kimono_img_00000023.jpg,jacket,regular fit,none,none,none,casual,plain,deepfashion
Watercolor_Floral_Kimono_img_00000020,Watercolor_Floral_Kimono_img_00000020.jpg,jacket,regular fit,none,none,none,casual,floral,deepfashion
Draped_Asymmetrical_Front_Jacket_img_00000036,Draped_Asymmetrical_Front_Jacket_img_00000036.jpg,jacket,asymmetrical,none,asymmetrical,none,casual,plain,deepfashion
Hooded_Moto_Jacket_img_00000023,Hooded_Moto_Jacket_img_00000023.jpg,jacket,regular fit,none,none,none,casual,plain,deepfashion
Hooded_Chambray_Parka_Jacket_img_00000011,Hooded_Chambray_Parka_Jacket_img_00000011.jpg,jacket,regular fit,none,none,none,casual,plain,deepfashion
Structured_Quilted_Jacket_img_00000045,Structured_Quilted_Jacket_img_00000045.jpg,jacket,regular fit,none,none,none,casual,plain,deepfashion
Longline_Marled_Single-Button_Jacket_img_00000025,Longline_Marled_Single-Button_Jacket_img_00000025.jpg,jacket,regular fit,none,none,none,casual,textured,deepfashion
Heathered_Scuba_Knit_Bomber_Jacket_img_00000014,Heathered_Scuba_Knit_Bomber_Jacket_img_00000014.jpg,jacket,regular fit,short sleeve,none,none,casual,textured,deepfashion
Rose_Chiffon_Maxi_Kimono_img_00000039,Rose_Chiffon_Maxi_Kimono_img_00000039.jpg,jacket,regular fit,none,none,none,bohemian,plain,deepfashion
Bleached_Denim_Jacket_img_00000006,Bleached_Denim_Jacket_img_00000006.jpg,jacket,regular fit,none,none,none,casual,denim,deepfashion
Quilted_Faux_Leather_Bomber_img_00000145,Quilted_Faux_Leather_Bomber_img_00000145.jpg,jacket,regular fit,none,none,none,casual,plain,deepfashion
Checked_Dolman_Jacket_img_00000049,Checked_Dolman_Jacket_img_00000049.jpg,jacket,regular fit,dolman sleeve,none,none,casual,checkered,deepfashion
Collared_Faux_Leather_Jacket_img_00000024,Collared_Faux_Leather_Jacket_img_00000024.jpg,jacket,regular fit,none,collared,none,casual,plain,deepfashion
Collarless_Faux_Fur_Jacket_img_00000029,Collarless_Faux_Fur_Jacket_img_00000029.jpg,jacket,regular fit,short sleeve,collared,none,casual,plain,deepfashion
Drape-Front_Shawl_Collar_Jacket_img_00000009,Drape-Front_Shawl_Collar_Jacket_img_00000009.jpg,jacket,regular fit,none,collared,none,casual,floral,deepfashion
Chiffon-Sleeve_Mesh_Bomber_Jacket_img_00000020,Chiffon-Sleeve_Mesh_Bomber_Jacket_img_00000020.jpg,jacket,regular fit,short sleeve,none,none,casual,plain,deepfashion
Tweed_Moto_Jacket_img_00000012,Tweed_Moto_Jacket_img_00000012.jpg,jacket,regular fit,none,none,none,casual,plain,deepfashion
Marled_Knit_Combo_Jacket_img_00000014,Marled_Knit_Combo_Jacket_img_00000014.jpg,jacket,wrap,none,none,none,casual,textured,deepfashion
Collarless_Moto_Jacket_img_00000038,Collarless_Moto_Jacket_img_00000038.jpg,jacket,regular fit,none,collared,none,casual,plain,deepfashion
Classic_Faded_Denim_Jacket_img_00000036,Classic_Faded_Denim_Jacket_img_00000036.jpg,jacket,regular fit,none,none,none,classic,denim,deepfashion
Faded_Denim_Jacket_img_00000062,Faded_Denim_Jacket_img_00000062.jpg,jacket,regular fit,none,none,none,casual,denim,deepfashion
Textured_Collarless_Jacket_img_00000031,Textured_Collarless_Jacket_img_00000031.jpg,jacket,regular fit,none,collared,none,casual,textured,deepfashion
Drawstring_Utility_Jacket_img_00000026,Drawstring_Utility_Jacket_img_00000026.jpg,jacket,regular fit,none,none,none,casual,plain,deepfashion
Colorblocked_Track_Jacket_img_00000063,Colorblocked_Track_Jacket_img_00000063.jpg,jacket,regular fit,none,none,none,casual,plain,deepfashion
Collarless_Moto_Jacket_img_00000031,Collarless_Moto_Jacket_img_00000031.jpg,jacket,regular fit,none,collared,none,casual,plain,deepfashion
Embroidered_Cutout_Bomber_Jacket_img_00000047,Embroidered_Cutout_Bomber_Jacket_img_00000047.jpg,jacket,regular fit,none,none,none,casual,embroidered,deepfashion
Tweed_Cutaway_Jacket_img_00000029,Tweed_Cutaway_Jacket_img_00000029.jpg,jacket,regular fit,none,none,none,casual,plain,deepfashion
Chiffon-Sleeve_Mesh_Bomber_Jacket_img_00000019,Chiffon-Sleeve_Mesh_Bomber_Jacket_img_00000019.jpg,jacket,regular fit,short sleeve,none,none,casual,striped,deepfashion
Faux_Fur_Jacket_img_00000054,Faux_Fur_Jacket_img_00000054.jpg,jacket,regular fit,none,none,none,classic,plain,deepfashion
Abstract_Print_Embroidered_Kimono_img_00000003,Abstract_Print_Embroidered_Kimono_img_00000003.jpg,jacket,regular fit,none,none,none,casual,abstract,deepfashion
Faux_Shearling_Parka_img_00000018,Faux_Shearling_Parka_img_00000018.jpg,jacket,regular fit,none,none,none,casual,plain,deepfashion
Faux_Leather_Convertible_Jacket_img_00000056,Faux_Leather_Convertible_Jacket_img_00000056.jpg,jacket,regular fit,none,none,none,casual,plain,deepfashion
Colorblocked_Bomber_Jacket_img_00000081,Colorblocked_Bomber_Jacket_img_00000081.jpg,jacket,regular fit,none,none,none,casual,plain,deepfashion
Faux_Leather_&_Mesh_Jacket_img_00000026,Faux_Leather_&_Mesh_Jacket_img_00000026.jpg,jacket,regular fit,none,none,none,casual,plain,deepfashion
Faux_Leather_&_Mesh_Jacket_img_00000015,Faux_Leather_&_Mesh_Jacket_img_00000015.jpg,jacket,regular fit,none,none,none,casual,plain,deepfashion
Embroidered_Chiffon_Kimono_img_00000004,Embroidered_Chiffon_Kimono_img_00000004.jpg,jacket,regular fit,none,none,none,casual,embroidered,deepfashion
Abstract_Tile_Fringe-Trimmed_Kimono_img_00000018,Abstract_Tile_Fringe-Trimmed_Kimono_img_00000018.jpg,jacket,regular fit,none,none,none,casual,abstract,deepfashion
Fringed_Lace_Kimono_img_00000038,Fringed_Lace_Kimono_img_00000038.jpg,jacket,regular fit,none,none,none,casual,lace,deepfashion
Hooded_Leaf_Print_Utility_Jacket_img_00000037,Hooded_Leaf_Print_Utility_Jacket_img_00000037.jpg,jacket,regular fit,none,none,none,casual,graphic print,deepfashion
Hooded_Canvas_Utility_Jacket_img_00000050,Hooded_Canvas_Utility_Jacket_img_00000050.jpg,jacket,regular fit,none,none,none,classic,plain,deepfashion
Varsity-Striped_Piqu&eacute;_Track_Jacket_img_00000016,Varsity-Striped_Piqu&eacute;_Track_Jacket_img_00000016.jpg,jacket,regular fit,none,none,none,casual,striped,deepfashion
Faux_Shearling_Bomber_Jacket_img_00000026,Faux_Shearling_Bomber_Jacket_img_00000026.jpg,jacket,regular fit,none,none,none,casual,plain,deepfashion
Waffle-Textured_Moto_Jacket_img_00000021,Waffle-Textured_Moto_Jacket_img_00000021.jpg,jacket,regular fit,none,none,none,casual,denim,deepfashion
Double-Breasted_Drawstring_Parka_img_00000021,Double-Breasted_Drawstring_Parka_img_00000021.jpg,jacket,regular fit,none,none,none,casual,plain,deepfashion
Bleached_Denim_Jacket_img_00000034,Bleached_Denim_Jacket_img_00000034.jpg,jacket,regular fit,none,none,none,casual,denim,deepfashion
Clean_Wash_Denim_Jacket_img_00000060,Clean_Wash_Denim_Jacket_img_00000060.jpg,jacket,regular fit,none,none,none,casual,denim,deepfashion
Varsity-Striped_Piqu&eacute;_Track_Jacket_img_00000028,Varsity-Striped_Piqu&eacute;_Track_Jacket_img_00000028.jpg,jacket,regular fit,none,none,none,casual,striped,deepfashion
Collarless_Faux_Leather_Moto_Jacket_img_00000016,Collarless_Faux_Leather_Moto_Jacket_img_00000016.jpg,jacket,regular fit,none,collared,none,casual,plain,deepfashion
Cropped_Faux_Fur_Jacket_img_00000069,Cropped_Faux_Fur_Jacket_img_00000069.jpg,jacket,cropped,none,none,none,casual,plain,deepfashion
Hooded_High-Neck_Jacket_img_00000033,Hooded_High-Neck_Jacket_img_00000033.jpg,jacket,regular fit,none,high neck,none,casual,plain,deepfashion
Belted_Drapey_Crepe_Jacket_img_00000024,Belted_Drapey_Crepe_Jacket_img_00000024.jpg,jacket,regular fit,sleeveless,none,none,casual,plain,deepfashion
Drapey_Woven_Jacket_img_00000038,Drapey_Woven_Jacket_img_00000038.jpg,jacket,regular fit,none,none,none,casual,plain,deepfashion
Cutout_Sleeveless_Jumpsuit_img_00000055,Cutout_Sleeveless_Jumpsuit_img_00000055.jpg,jumpsuit,straight,sleeveless,none,none,casual,plain,deepfashion
Chevron_Print_Surplice_Jumpsuit_img_00000004,Chevron_Print_Surplice_Jumpsuit_img_00000004.jpg,jumpsuit,straight,none,strapless,none,casual,graphic print,deepfashion
Heathered_Knit_Drawstring_Jumpsuit_img_00000010,Heathered_Knit_Drawstring_Jumpsuit_img_00000010.jpg,jumpsuit,straight,none,none,none,casual,textured,deepfashion
Crisscross_Back_Jumpsuit_img_00000024,Crisscross_Back_Jumpsuit_img_00000024.jpg,jumpsuit,straight,none,none,none,casual,lace,deepfashion
Patchwork_Printed_Long_Jumpsuit_img_00000012,Patchwork_Printed_Long_Jumpsuit_img_00000012.jpg,jumpsuit,straight,long sleeve,v-neck,none,casual,lace,deepfashion
Abstract_Stripe_Print_Jumpsuit_img_00000028,Abstract_Stripe_Print_Jumpsuit_img_00000028.jpg,jumpsuit,straight,none,none,none,casual,striped,deepfashion
Free_to_Be_Draped_Jumpsuit_img_00000024,Free_to_Be_Draped_Jumpsuit_img_00000024.jpg,jumpsuit,straight,none,none,none,casual,plain,deepfashion
Strapless_Wide-Leg_Jumpsuit_img_00000052,Strapless_Wide-Leg_Jumpsuit_img_00000052.jpg,jumpsuit,straight,none,strapless,none,casual,plain,deepfashion
Drawstring_Tribal_Print_Jumpsuit_img_00000011,Drawstring_Tribal_Print_Jumpsuit_img_00000011.jpg,jumpsuit,straight,none,none,none,casual,graphic print,deepfashion
V-Neck_Cami_Jumpsuit_img_00000055,V-Neck_Cami_Jumpsuit_img_00000055.jpg,jumpsuit,straight,none,v-neck,none,casual,plain,deepfashion
Chiffon_Pleated_Jumpsuit_img_00000007,Chiffon_Pleated_Jumpsuit_img_00000007.jpg,jumpsuit,pleated,none,none,none,casual,plain,deepfashion
Chiffon-Trimmed_Jumpsuit_img_00000013,Chiffon-Trimmed_Jumpsuit_img_00000013.jpg,jumpsuit,straight,none,none,none,casual,lace,deepfashion
Sleeveless_Snap-Button_Jumpsuit_img_00000014,Sleeveless_Snap-Button_Jumpsuit_img_00000014.jpg,jumpsuit,straight,sleeveless,none,none,casual,plain,deepfashion
Striped_Cami_Jumpsuit_img_00000034,Striped_Cami_Jumpsuit_img_00000034.jpg,jumpsuit,straight,none,none,none,casual,striped,deepfashion
Denim_Drawstring_Jumpsuit_img_00000029,Denim_Drawstring_Jumpsuit_img_00000029.jpg,jumpsuit,straight,none,none,none,casual,denim,deepfashion
Striped_Off-the-Shoulder_Jumpsuit_img_00000008,Striped_Off-the-Shoulder_Jumpsuit_img_00000008.jpg,jumpsuit,straight,none,none,none,casual,striped,deepfashion
Floral_Print_Surplice_Jumpsuit_img_00000006,Floral_Print_Surplice_Jumpsuit_img_00000006.jpg,jumpsuit,straight,none,none,none,casual,floral,deepfashion
Ditsy_Floral_Print_Jumpsuit_img_00000064,Ditsy_Floral_Print_Jumpsuit_img_00000064.jpg,jumpsuit,straight,none,none,none,casual,floral,deepfashion
Belted_Abstract_Print_Jumpsuit_img_00000006,Belted_Abstract_Print_Jumpsuit_img_00000006.jpg,jumpsuit,straight,short sleeve,none,none,casual,abstract,deepfashion
Heathered_Knit_Drawstring_Jumpsuit_img_00000027,Heathered_Knit_Drawstring_Jumpsuit_img_00000027.jpg,jumpsuit,straight,none,none,none,casual,textured,deepfashion
Smocked_Wide-Leg_Jumpsuit_img_00000048,Smocked_Wide-Leg_Jumpsuit_img_00000048.jpg,jumpsuit,straight,none,none,none,casual,plain,deepfashion
Textured_Cutout_Jumpsuit_img_00000050,Textured_Cutout_Jumpsuit_img_00000050.jpg,jumpsuit,straight,none,none,none,casual,textured,deepfashion
Abstract_Print_Surplice_Jumpsuit_img_00000016,Abstract_Print_Surplice_Jumpsuit_img_00000016.jpg,jumpsuit,straight,none,collared,none,casual,abstract,deepfashion
Free_to_Be_Draped_Jumpsuit_img_00000013,Free_to_Be_Draped_Jumpsuit_img_00000013.jpg,jumpsuit,straight,none,none,none,casual,plain,deepfashion
Crochet-Paneled_Jumpsuit_img_00000030,Crochet-Paneled_Jumpsuit_img_00000030.jpg,jumpsuit,straight,none,none,none,casual,plain,deepfashion
Life_in_Progress_Drawstring_Denim_Jumpsuit_img_00000007,Life_in_Progress_Drawstring_Denim_Jumpsuit_img_00000007.jpg,jumpsuit,straight,none,none,none,casual,denim,deepfashion
Faux_Leather_Combo_Jumpsuit_img_00000002,Faux_Leather_Combo_Jumpsuit_img_00000002.jpg,jumpsuit,straight,none,none,none,casual,plain,deepfashion
Crochet-Trimmed_Flounce_Jumpsuit_img_00000021,Crochet-Trimmed_Flounce_Jumpsuit_img_00000021.jpg,jumpsuit,straight,none,none,none,casual,plain,deepfashion
Drawstring_Tribal_Print_Jumpsuit_img_00000034,Drawstring_Tribal_Print_Jumpsuit_img_00000034.jpg,jumpsuit,straight,none,strapless,none,casual,graphic print,deepfashion
Smocked_Wide-Leg_Jumpsuit_img_00000044,Smocked_Wide-Leg_Jumpsuit_img_00000044.jpg,jumpsuit,straight,sleeveless,none,none,casual,plain,deepfashion
Dotted_Surplice_Combo_Jumpsuit_img_00000026,Dotted_Surplice_Combo_Jumpsuit_img_00000026.jpg,jumpsuit,straight,sleeveless,none,none,casual,plain,deepfashion
Drawstring_Cami_Jumpsuit_img_00000032,Drawstring_Cami_Jumpsuit_img_00000032.jpg,jumpsuit,straight,none,none,none,casual,plain,deepfashion
Crisscross_Back_Jumpsuit_img_00000042,Crisscross_Back_Jumpsuit_img_00000042.jpg,jumpsuit,straight,none,none,none,casual,plain,deepfashion
Buttoned_Geo_Jumpsuit_img_00000003,Buttoned_Geo_Jumpsuit_img_00000003.jpg,jumpsuit,straight,none,none,none,casual,geometric,deepfashion
Sleeveless_Combo_Jumpsuit_img_00000033,Sleeveless_Combo_Jumpsuit_img_00000033.jpg,jumpsuit,wrap,sleeveless,none,none,casual,plain,deepfashion
Collared_Surplice_Jumpsuit_img_00000004,Collared_Surplice_Jumpsuit_img_00000004.jpg,jumpsuit,maxi,none,collared,none,casual,graphic print,deepfashion
Surplice_Woven_Jumpsuit_img_00000021,Surplice_Woven_Jumpsuit_img_00000021.jpg,jumpsuit,straight,none,none,none,casual,plain,deepfashion
Crossback_Surplice_Jumpsuit_img_00000004,Crossback_Surplice_Jumpsuit_img_00000004.jpg,jumpsuit,straight,none,none,none,casual,plain,deepfashion
Crossback_Jumpsuit_img_00000003,Crossback_Jumpsuit_img_00000003.jpg,jumpsuit,straight,none,none,none,casual,plain,deepfashion
Abstract_Stripe_Print_Jumpsuit_img_00000025,Abstract_Stripe_Print_Jumpsuit_img_00000025.jpg,jumpsuit,straight,none,none,none,casual,striped,deepfashion
Eyelash_Lace-Trimmed_Surplice_Jumpsuit_img_00000009,Eyelash_Lace-Trimmed_Surplice_Jumpsuit_img_00000009.jpg,jumpsuit,straight,none,none,none,casual,lace,deepfashion
Floral_Mosaic_Print_Jumpsuit_img_00000039,Floral_Mosaic_Print_Jumpsuit_img_00000039.jpg,jumpsuit,straight,none,none,none,casual,floral,deepfashion
Retro_Floral_Jumpsuit_img_00000024,Retro_Floral_Jumpsuit_img_00000024.jpg,jumpsuit,maxi,none,none,none,bohemian,floral,deepfashion
Crochet-Trimmed_Flounce_Jumpsuit_img_00000019,Crochet-Trimmed_Flounce_Jumpsuit_img_00000019.jpg,jumpsuit,straight,none,none,none,casual,geometric,deepfashion
Patchwork_Printed_Long_Jumpsuit_img_00000035,Patchwork_Printed_Long_Jumpsuit_img_00000035.jpg,jumpsuit,straight,sleeveless,none,none,casual,floral,deepfashion
Grid_Print_Jumpsuit_img_00000001,Grid_Print_Jumpsuit_img_00000001.jpg,jumpsuit,straight,none,none,none,casual,graphic print,deepfashion
Belted_Wide-Leg_Jumpsuit_img_00000033,Belted_Wide-Leg_Jumpsuit_img_00000033.jpg,jumpsuit,straight,sleeveless,none,none,casual,plain,deepfashion
Abstract_Print_Halter_Jumpsuit_img_00000014,Abstract_Print_Halter_Jumpsuit_img_00000014.jpg,jumpsuit,straight,none,halter,none,casual,abstract,deepfashion
Self-Tie_Knotted_Floral_Jumpsuit_img_00000003,Self-Tie_Knotted_Floral_Jumpsuit_img_00000003.jpg,jumpsuit,straight,none,none,none,casual,floral,deepfashion
Lace-Paneled_Woven_Jumpsuit_img_00000028,Lace-Paneled_Woven_Jumpsuit_img_00000028.jpg,jumpsuit,straight,none,none,none,casual,lace,deepfashion
Abstract_Print_Halter_Jumpsuit_img_00000036,Abstract_Print_Halter_Jumpsuit_img_00000036.jpg,jumpsuit,straight,none,halter,none,casual,abstract,deepfashion
Tile_Print_Strapless_Jumpsuit_img_00000003,Tile_Print_Strapless_Jumpsuit_img_00000003.jpg,jumpsuit,straight,none,strapless,none,casual,graphic print,deepfashion
Abstract_Stripe_Print_Jumpsuit_img_00000033,Abstract_Stripe_Print_Jumpsuit_img_00000033.jpg,jumpsuit,straight,none,none,none,casual,striped,deepfashion
Diamond_Print_Cami_Jumpsuit_img_00000016,Diamond_Print_Cami_Jumpsuit_img_00000016.jpg,jumpsuit,straight,none,none,none,casual,floral,deepfashion
Wide-Leg_Surplice_Jumpsuit_img_00000060,Wide-Leg_Surplice_Jumpsuit_img_00000060.jpg,jumpsuit,straight,none,none,none,casual,lace,deepfashion
Drawstring_Cami_Jumpsuit_img_00000013,Drawstring_Cami_Jumpsuit_img_00000013.jpg,jumpsuit,straight,none,none,none,casual,textured,deepfashion
Crossback_Surplice_Jumpsuit_img_00000028,Crossback_Surplice_Jumpsuit_img_00000028.jpg,jumpsuit,straight,none,none,none,casual,plain,deepfashion
Cutout-Back_Denim_Jumpsuit_img_00000034,Cutout-Back_Denim_Jumpsuit_img_00000034.jpg,jumpsuit,straight,none,none,none,casual,denim,deepfashion
Denim_Drawstring_Jumpsuit_img_00000007,Denim_Drawstring_Jumpsuit_img_00000007.jpg,jumpsuit,straight,none,none,none,casual,denim,deepfashion
Ruched_V-Neck_Jumpsuit_img_00000056,Ruched_V-Neck_Jumpsuit_img_00000056.jpg,jumpsuit,straight,sleeveless,v-neck,none,casual,plain,deepfashion
Floral_Mosaic_Print_Jumpsuit_img_00000037,Floral_Mosaic_Print_Jumpsuit_img_00000037.jpg,jumpsuit,straight,none,none,none,casual,floral,deepfashion
Textured_Cutout_Jumpsuit_img_00000040,Textured_Cutout_Jumpsuit_img_00000040.jpg,jumpsuit,straight,none,none,none,casual,textured,deepfashion
Crossback_Jumpsuit_img_00000038,Crossback_Jumpsuit_img_00000038.jpg,jumpsuit,straight,none,none,none,casual,plain,deepfashion
Life_In_Progress_Pixelated_Print_Chambray_Jumpsuit_img_00000017,Life_In_Progress_Pixelated_Print_Chambray_Jumpsuit_img_00000017.jpg,jumpsuit,straight,none,none,none,casual,graphic print,deepfashion
Sunflower_Print_Jumpsuit_img_00000047,Sunflower_Print_Jumpsuit_img_00000047.jpg,jumpsuit,straight,long sleeve,none,none,casual,graphic print,deepfashion
Abstract_Print_Halter_Jumpsuit_img_00000003,Abstract_Print_Halter_Jumpsuit_img_00000003.jpg,jumpsuit,straight,none,halter,none,casual,abstract,deepfashion
Strapless_Jumpsuit_img_00000032,Strapless_Jumpsuit_img_00000032.jpg,jumpsuit,straight,none,strapless,none,casual,plain,deepfashion
Abstract_Geo_Print_Jumpsuit_img_00000014,Abstract_Geo_Print_Jumpsuit_img_00000014.jpg,jumpsuit,straight,none,none,none,casual,abstract,deepfashion
Open-Back_Jumpsuit_img_00000081,Open-Back_Jumpsuit_img_00000081.jpg,jumpsuit,straight,none,none,none,casual,plain,deepfashion
Tribal_Print_Jumpsuit_img_00000033,Tribal_Print_Jumpsuit_img_00000033.jpg,jumpsuit,straight,none,none,none,casual,graphic print,deepfashion
Sleeveless_Combo_Jumpsuit_img_00000031,Sleeveless_Combo_Jumpsuit_img_00000031.jpg,jumpsuit,straight,sleeveless,none,none,casual,plain,deepfashion
Wide-Leg_Jumpsuit_img_00000070,Wide-Leg_Jumpsuit_img_00000070.jpg,jumpsuit,straight,none,none,none,casual,plain,deepfashion
Woven_Ruffle_Cami_Jumpsuit_img_00000024,Woven_Ruffle_Cami_Jumpsuit_img_00000024.jpg,jumpsuit,straight,none,strapless,none,casual,plain,deepfashion
Crochet-Trimmed_Flounce_Jumpsuit_img_00000040,Crochet-Trimmed_Flounce_Jumpsuit_img_00000040.jpg,jumpsuit,maxi,none,none,none,casual,plain,deepfashion
Smocked_Wide-Leg_Jumpsuit_img_00000053,Smocked_Wide-Leg_Jumpsuit_img_00000053.jpg,jumpsuit,straight,none,none,none,casual,plain,deepfashion
Patchwork_Printed_Long_Jumpsuit_img_00000025,Patchwork_Printed_Long_Jumpsuit_img_00000025.jpg,jumpsuit,straight,none,none,none,casual,graphic print,deepfashion
Tribal_Print_Crisscross_Jumpsuit_img_00000033,Tribal_Print_Crisscross_Jumpsuit_img_00000033.jpg,jumpsuit,straight,none,none,none,casual,lace,deepfashion
Strappy_V-Neck_Jumpsuit_img_00000062,Strappy_V-Neck_Jumpsuit_img_00000062.jpg,jumpsuit,straight,none,v-neck,none,casual,plain,deepfashion
Crochet-Paneled_Jumpsuit_img_00000023,Crochet-Paneled_Jumpsuit_img_00000023.jpg,jumpsuit,maxi,none,none,none,casual,plain,deepfashion
Tribal_Print_Surplice_Jumpsuit_img_00000004,Tribal_Print_Surplice_Jumpsuit_img_00000004.jpg,jumpsuit,straight,none,none,none,casual,graphic print,deepfashion
Stripe_Midi_Jumpsuit_img_00000028,Stripe_Midi_Jumpsuit_img_00000028.jpg,jumpsuit,midi,none,none,none,casual,striped,deepfashion
Floral_Foulard_Print_Jumpsuit_img_00000028,Floral_Foulard_Print_Jumpsuit_img_00000028.jpg,jumpsuit,straight,none,none,none,casual,floral,deepfashion
Southwestern_Print_Surplice_Jumpsuit_img_00000002,Southwestern_Print_Surplice_Jumpsuit_img_00000002.jpg,jumpsuit,straight,none,none,none,casual,graphic print,deepfashion
Abstract_Print_Halter_Jumpsuit_img_00000031,Abstract_Print_Halter_Jumpsuit_img_00000031.jpg,jumpsuit,straight,sleeveless,halter,none,casual,abstract,deepfashion
Tropical_Floral_Wide-Leg_Jumpsuit_img_00000018,Tropical_Floral_Wide-Leg_Jumpsuit_img_00000018.jpg,jumpsuit,straight,none,none,none,casual,floral,deepfashion
Abstract_Stripe_Print_Jumpsuit_img_00000007,Abstract_Stripe_Print_Jumpsuit_img_00000007.jpg,jumpsuit,straight,none,none,none,casual,striped,deepfashion
Embroidered_Crepe_Surplice_Jumpsuit_img_00000025,Embroidered_Crepe_Surplice_Jumpsuit_img_00000025.jpg,jumpsuit,straight,none,none,none,casual,embroidered,deepfashion
Leopard_Love_Jumpsuit_img_00000050,Leopard_Love_Jumpsuit_img_00000050.jpg,jumpsuit,straight,none,none,none,casual,animal print,deepfashion
Floral_Wide-Leg_Cami_Jumpsuit_img_00000008,Floral_Wide-Leg_Cami_Jumpsuit_img_00000008.jpg,jumpsuit,straight,none,none,none,casual,floral,deepfashion
Belted_Abstract_Print_Jumpsuit_img_00000009,Belted_Abstract_Print_Jumpsuit_img_00000009.jpg,jumpsuit,straight,none,none,none,casual,abstract,deepfashion
Strappy_V-Neck_Jumpsuit_img_00000021,Strappy_V-Neck_Jumpsuit_img_00000021.jpg,jumpsuit,straight,long sleeve,v-neck,none,casual,textured,deepfashion
Open-Back_Jumpsuit_img_00000024,Open-Back_Jumpsuit_img_00000024.jpg,jumpsuit,straight,none,none,none,casual,plain,deepfashion
Open-Back_Jumpsuit_img_00000080,Open-Back_Jumpsuit_img_00000080.jpg,jumpsuit,straight,none,none,none,casual,plain,deepfashion
Chiffon-Trimmed_Jumpsuit_img_00000045,Chiffon-Trimmed_Jumpsuit_img_00000045.jpg,jumpsuit,straight,none,none,none,casual,lace,deepfashion
Floral_Lace-Yoke_Jumpsuit_img_00000026,Floral_Lace-Yoke_Jumpsuit_img_00000026.jpg,jumpsuit,peplum,none,none,none,casual,floral,deepfashion
Strapless_Jumpsuit_img_00000001,Strapless_Jumpsuit_img_00000001.jpg,jumpsuit,straight,none,strapless,none,casual,plain,deepfashion
Self-Tie_Knotted_Floral_Jumpsuit_img_00000006,Self-Tie_Knotted_Floral_Jumpsuit_img_00000006.jpg,jumpsuit,straight,sleeveless,none,none,casual,floral,deepfashion
Belted_Abstract_Print_Jumpsuit_img_00000039,Belted_Abstract_Print_Jumpsuit_img_00000039.jpg,jumpsuit,straight,none,none,none,casual,abstract,deepfashion
Denim_Culotte_Jumpsuit_img_00000039,Denim_Culotte_Jumpsuit_img_00000039.jpg,jumpsuit,straight,none,none,none,casual,denim,deepfashion
Strappy_V-Neck_Jumpsuit_img_00000037,Strappy_V-Neck_Jumpsuit_img_00000037.jpg,jumpsuit,straight,short sleeve,v-neck,none,casual,plain,deepfashion
Paisley_Print_Halter_Jumpsuit_img_00000023,Paisley_Print_Halter_Jumpsuit_img_00000023.jpg,jumpsuit,maxi,none,halter,none,casual,paisley,deepfashion
Ornate_Print_Harem_Jumpsuit_img_00000013,Ornate_Print_Harem_Jumpsuit_img_00000013.jpg,jumpsuit,straight,none,none,none,casual,graphic print,deepfashion
Tonal_Feather-Patterned_Cami_Jumpsuit_img_00000029,Tonal_Feather-Patterned_Cami_Jumpsuit_img_00000029.jpg,jumpsuit,straight,none,none,none,casual,textured,deepfashion
Strapless_Wide-Leg_Jumpsuit_img_00000013,Strapless_Wide-Leg_Jumpsuit_img_00000013.jpg,jumpsuit,straight,none,strapless,none,casual,plain,deepfashion
Abstract_Printed_Jumpsuit_img_00000019,Abstract_Printed_Jumpsuit_img_00000019.jpg,jumpsuit,straight,none,strapless,none,casual,abstract,deepfashion
Caged_Back_Jumpsuit_img_00000058,Caged_Back_Jumpsuit_img_00000058.jpg,jumpsuit,straight,none,none,none,casual,plain,deepfashion
Belted_Wide-Leg_Jumpsuit_img_00000049,Belted_Wide-Leg_Jumpsuit_img_00000049.jpg,jumpsuit,straight,none,none,none,casual,plain,deepfashion
Cutout-Back_Denim_Jumpsuit_img_00000046,Cutout-Back_Denim_Jumpsuit_img_00000046.jpg,jumpsuit,straight,long sleeve,none,none,casual,denim,deepfashion
Blurred_Floral_Cami_Jumpsuit_img_00000029,Blurred_Floral_Cami_Jumpsuit_img_00000029.jpg,jumpsuit,bodycon,none,none,none,casual,floral,deepfashion
Ornate_Print_Harem_Jumpsuit_img_00000018,Ornate_Print_Harem_Jumpsuit_img_00000018.jpg,jumpsuit,straight,none,none,none,casual,graphic print,deepfashion
Floral_Foulard_Print_Jumpsuit_img_00000032,Floral_Foulard_Print_Jumpsuit_img_00000032.jpg,jumpsuit,straight,none,none,none,casual,floral,deepfashion
Drawstring_Tribal_Print_Jumpsuit_img_00000012,Drawstring_Tribal_Print_Jumpsuit_img_00000012.jpg,jumpsuit,straight,none,none,none,casual,graphic print,deepfashion
Paisley_Print_Jumpsuit_img_00000039,Paisley_Print_Jumpsuit_img_00000039.jpg,jumpsuit,straight,none,none,none,casual,paisley,deepfashion
Denim_Utility_Jumpsuit_img_00000026,Denim_Utility_Jumpsuit_img_00000026.jpg,jumpsuit,straight,none,none,none,casual,denim,deepfashion
Utility_Jumpsuit_img_00000019,Utility_Jumpsuit_img_00000019.jpg,jumpsuit,straight,none,none,none,casual,plain,deepfashion
Abstract_Print_Surplice_Jumpsuit_img_00000025,Abstract_Print_Surplice_Jumpsuit_img_00000025.jpg,jumpsuit,straight,sleeveless,none,none,casual,abstract,deepfashion
Crochet-Trimmed_Flounce_Jumpsuit_img_00000030,Crochet-Trimmed_Flounce_Jumpsuit_img_00000030.jpg,jumpsuit,straight,none,none,none,casual,plain,deepfashion
Sleeveless_Combo_Jumpsuit_img_00000023,Sleeveless_Combo_Jumpsuit_img_00000023.jpg,jumpsuit,straight,sleeveless,none,none,casual,plain,deepfashion
Abstract_Tribal_Print_Halter_Jumpsuit_img_00000011,Abstract_Tribal_Print_Halter_Jumpsuit_img_00000011.jpg,jumpsuit,straight,none,halter,none,casual,abstract,deepfashion
Paisley_Print_Denim_Jumpsuit_img_00000011,Paisley_Print_Denim_Jumpsuit_img_00000011.jpg,jumpsuit,straight,none,none,none,casual,denim,deepfashion
High-Waisted_Leggings_img_00000002,High-Waisted_Leggings_img_00000002.jpg,leggings,straight,none,none,none,casual,plain,deepfashion
Yoga_Capri_Leggings_img_00000074,Yoga_Capri_Leggings_img_00000074.jpg,leggings,straight,none,none,none,casual,plain,deepfashion
Luxe-Printed_Workout_Leggings_img_00000046,Luxe-Printed_Workout_Leggings_img_00000046.jpg,leggings,straight,none,none,none,casual,graphic print,deepfashion
High-Waisted_Lounge_Leggings_img_00000010,High-Waisted_Lounge_Leggings_img_00000010.jpg,leggings,straight,none,none,none,casual,plain,deepfashion
Acid_Wash_Jeggings_img_00000012,Acid_Wash_Jeggings_img_00000012.jpg,leggings,straight,none,none,none,casual,denim,deepfashion
Ombre-Paneled_Workout_Leggings_img_00000003,Ombre-Paneled_Workout_Leggings_img_00000003.jpg,leggings,straight,none,none,none,casual,graphic print,deepfashion
Colorblock_Yoga_Leggings_img_00000019,Colorblock_Yoga_Leggings_img_00000019.jpg,leggings,straight,none,none,none,casual,plain,deepfashion
Colorblock_Yoga_Capri_Leggings_img_00000065,Colorblock_Yoga_Capri_Leggings_img_00000065.jpg,leggings,straight,none,none,none,casual,plain,deepfashion
Colorblock_Mesh-Paneled_Leggings_img_00000001,Colorblock_Mesh-Paneled_Leggings_img_00000001.jpg,leggings,straight,none,none,none,casual,plain,deepfashion
Tropical_Floral_Leggings_img_00000012,Tropical_Floral_Leggings_img_00000012.jpg,leggings,straight,none,none,none,casual,floral,deepfashion
Space_Dye_Capri_Leggings_img_00000034,Space_Dye_Capri_Leggings_img_00000034.jpg,leggings,straight,none,none,none,casual,plain,deepfashion
Seamless_Studio_Capri_Leggings_img_00000004,Seamless_Studio_Capri_Leggings_img_00000004.jpg,leggings,straight,none,none,none,casual,textured,deepfashion
Luxe-Printed_Workout_Leggings_img_00000019,Luxe-Printed_Workout_Leggings_img_00000019.jpg,leggings,straight,none,none,none,casual,graphic print,deepfashion
Yoga_Capri_Leggings_img_00000072,Yoga_Capri_Leggings_img_00000072.jpg,leggings,straight,none,none,none,casual,plain,deepfashion
Dark_Wash_Jeggings_img_00000041,Dark_Wash_Jeggings_img_00000041.jpg,leggings,straight,none,none,none,casual,plain,deepfashion
Pocketed_Leggings_img_00000003,Pocketed_Leggings_img_00000003.jpg,leggings,straight,none,none,none,casual,plain,deepfashion
Zippered_Knit_Leggings_img_00000017,Zippered_Knit_Leggings_img_00000017.jpg,leggings,straight,none,none,none,casual,textured,deepfashion
Mid-Rise_-_Acid_Wash_Jeggings_img_00000048,Mid-Rise_-_Acid_Wash_Jeggings_img_00000048.jpg,leggings,straight,none,none,none,casual,plain,deepfashion
Seamless_Studio_Capri_Leggings_img_00000027,Seamless_Studio_Capri_Leggings_img_00000027.jpg,leggings,straight,none,none,none,casual,plain,deepfashion
Seamless_Studio_Capri_Leggings_img_00000001,Seamless_Studio_Capri_Leggings_img_00000001.jpg,leggings,straight,none,none,none,casual,plain,deepfashion
Heathered_Side-Cutout_Capri_Leggings_img_00000010,Heathered_Side-Cutout_Capri_Leggings_img_00000010.jpg,leggings,straight,none,none,none,casual,plain,deepfashion
Marled_Colorblock_Capri_Leggings_img_00000027,Marled_Colorblock_Capri_Leggings_img_00000027.jpg,leggings,straight,none,none,none,casual,plain,deepfashion
Space_Dye_Yoga_Leggings_img_00000008,Space_Dye_Yoga_Leggings_img_00000008.jpg,leggings,straight,none,none,none,casual,plain,deepfashion
Space_Dye_Capri_Leggings_img_00000032,Space_Dye_Capri_Leggings_img_00000032.jpg,leggings,straight,none,none,none,casual,plain,deepfashion
Colorblock_Capri_Leggings_img_00000030,Colorblock_Capri_Leggings_img_00000030.jpg,leggings,straight,none,none,none,casual,plain,deepfashion
Classic_Soft_Jeggings_img_00000037,Classic_Soft_Jeggings_img_00000037.jpg,leggings,straight,none,none,none,classic,denim,deepfashion
Mid-Rise_-_Acid_Wash_Jeggings_img_00000026,Mid-Rise_-_Acid_Wash_Jeggings_img_00000026.jpg,leggings,straight,none,none,none,casual,denim,deepfashion
High-Waisted_Lounge_Leggings_img_00000024,High-Waisted_Lounge_Leggings_img_00000024.jpg,leggings,straight,none,none,none,casual,plain,deepfashion
Space_Dye_Yoga_Leggings_img_00000049,Space_Dye_Yoga_Leggings_img_00000049.jpg,leggings,straight,none,none,none,casual,plain,deepfashion
Creased-Front_Leggings_img_00000019,Creased-Front_Leggings_img_00000019.jpg,leggings,straight,none,none,none,casual,plain,deepfashion
Mesh-Textured_Workout_Capri_Leggings_img_00000051,Mesh-Textured_Workout_Capri_Leggings_img_00000051.jpg,leggings,skinny,none,none,none,casual,textured,deepfashion
Classic_Faded_Jeggings_img_00000060,Classic_Faded_Jeggings_img_00000060.jpg,leggings,straight,none,none,none,classic,plain,deepfashion
Space_Dye_Yoga_Leggings_img_00000071,Space_Dye_Yoga_Leggings_img_00000071.jpg,leggings,straight,none,none,none,casual,plain,deepfashion
Lace-Trimmed_Capri_Leggings_img_00000059,Lace-Trimmed_Capri_Leggings_img_00000059.jpg,leggings,straight,none,none,none,casual,lace,deepfashion
Lace-Trimmed_Capri_Leggings_img_00000052,Lace-Trimmed_Capri_Leggings_img_00000052.jpg,leggings,skinny,none,none,none,casual,lace,deepfashion
Shimmering_High-Waist_Leggings_img_00000058,Shimmering_High-Waist_Leggings_img_00000058.jpg,leggings,straight,none,none,none,casual,plain,deepfashion
Abstract_Print_Capri_Leggings_img_00000005,Abstract_Print_Capri_Leggings_img_00000005.jpg,leggings,straight,none,none,none,sporty,abstract,deepfashion
Reflective-Piped_Heathered_Run_Leggings_img_00000009,Reflective-Piped_Heathered_Run_Leggings_img_00000009.jpg,leggings,skinny,none,none,none,casual,plain,deepfashion
Performance_Capri_Leggings_img_00000050,Performance_Capri_Leggings_img_00000050.jpg,leggings,straight,none,none,none,casual,plain,deepfashion
Color_Striped_Performance_Leggings_img_00000010,Color_Striped_Performance_Leggings_img_00000010.jpg,leggings,straight,none,none,none,casual,striped,deepfashion
Rose_Print_Leggings_img_00000006,Rose_Print_Leggings_img_00000006.jpg,leggings,straight,none,none,none,casual,graphic print,deepfashion
Colorblock_Yoga_Capri_Leggings_img_00000051,Colorblock_Yoga_Capri_Leggings_img_00000051.jpg,leggings,straight,none,none,none,classic,plain,deepfashion
Tropical_Floral_Leggings_img_00000054,Tropical_Floral_Leggings_img_00000054.jpg,leggings,straight,none,none,none,casual,floral,deepfashion
Paisley_Print_Leggings_img_00000066,Paisley_Print_Leggings_img_00000066.jpg,leggings,straight,none,none,none,casual,paisley,deepfashion
Mesh-Paneled_Colorblock_Capri_Leggings_img_00000019,Mesh-Paneled_Colorblock_Capri_Leggings_img_00000019.jpg,leggings,straight,none,none,none,casual,lace,deepfashion
Clean_Wash_Jeggings_img_00000050,Clean_Wash_Jeggings_img_00000050.jpg,leggings,straight,none,none,none,casual,plain,deepfashion
Colorblocked_Foldover_Leggings_img_00000055,Colorblocked_Foldover_Leggings_img_00000055.jpg,leggings,straight,none,none,none,casual,textured,deepfashion
Mid-Rise_-_Acid_Wash_Jeggings_img_00000027,Mid-Rise_-_Acid_Wash_Jeggings_img_00000027.jpg,leggings,straight,none,none,none,casual,denim,deepfashion
Striped_Waist_Leggings_img_00000020,Striped_Waist_Leggings_img_00000020.jpg,leggings,straight,none,none,none,casual,striped,deepfashion
Perfomance_Leggings_img_00000066,Perfomance_Leggings_img_00000066.jpg,leggings,straight,none,none,none,casual,plain,deepfashion
Striped_Waist_Leggings_img_00000010,Striped_Waist_Leggings_img_00000010.jpg,leggings,straight,none,none,none,casual,striped,deepfashion
High_Intensity_Running_Leggings_img_00000016,High_Intensity_Running_Leggings_img_00000016.jpg,leggings,straight,none,none,none,casual,plain,deepfashion
Chic_High-Waisted_Jeggings_img_00000038,Chic_High-Waisted_Jeggings_img_00000038.jpg,leggings,skinny,none,none,none,casual,denim,deepfashion
High-Waisted_Capri_Leggings_img_00000055,High-Waisted_Capri_Leggings_img_00000055.jpg,leggings,straight,none,none,none,casual,plain,deepfashion
Favorite_Capri_Leggings_img_00000035,Favorite_Capri_Leggings_img_00000035.jpg,leggings,straight,none,none,none,casual,plain,deepfashion
Colorblock_Yoga_Leggings_img_00000001,Colorblock_Yoga_Leggings_img_00000001.jpg,leggings,straight,none,none,none,casual,plain,deepfashion
Lace-Trimmed_Capri_Leggings_img_00000035,Lace-Trimmed_Capri_Leggings_img_00000035.jpg,leggings,straight,none,none,none,casual,lace,deepfashion
Soft_Knit_Leggings_img_00000045,Soft_Knit_Leggings_img_00000045.jpg,leggings,skinny,none,none,none,casual,textured,deepfashion
Dark_Wash_Jeggings_img_00000048,Dark_Wash_Jeggings_img_00000048.jpg,leggings,straight,none,none,none,casual,plain,deepfashion
Acid_Wash_Jeggings_img_00000049,Acid_Wash_Jeggings_img_00000049.jpg,leggings,straight,none,none,none,casual,denim,deepfashion
Abstract_Print_Capri_Leggings_img_00000022,Abstract_Print_Capri_Leggings_img_00000022.jpg,leggings,straight,none,none,none,casual,abstract,deepfashion
Favorite_Ankle_Leggings_img_00000083,Favorite_Ankle_Leggings_img_00000083.jpg,leggings,straight,none,none,none,casual,plain,deepfashion
Mesh-Textured_Workout_Capri_Leggings_img_00000015,Mesh-Textured_Workout_Capri_Leggings_img_00000015.jpg,leggings,straight,none,none,none,sporty,textured,deepfashion
Seamless_Athletic_Capri_Leggings_img_00000008,Seamless_Athletic_Capri_Leggings_img_00000008.jpg,leggings,straight,none,none,none,sporty,plain,deepfashion
Space_Dye_Yoga_Leggings_img_00000038,Space_Dye_Yoga_Leggings_img_00000038.jpg,leggings,straight,none,none,none,sporty,plain,deepfashion
Mineral_Wash_Jeggings_img_00000024,Mineral_Wash_Jeggings_img_00000024.jpg,leggings,straight,none,none,none,casual,plain,deepfashion
Colorblock_Yoga_Leggings_img_00000037,Colorblock_Yoga_Leggings_img_00000037.jpg,leggings,straight,none,none,none,casual,plain,deepfashion
Colorblock_Capri_Leggings_img_00000001,Colorblock_Capri_Leggings_img_00000001.jpg,leggings,straight,none,none,none,casual,plain,deepfashion
Soft_Floral_Leggings_img_00000013,Soft_Floral_Leggings_img_00000013.jpg,leggings,straight,none,none,none,casual,floral,deepfashion
Luxe-Printed_Workout_Leggings_img_00000024,Luxe-Printed_Workout_Leggings_img_00000024.jpg,leggings,straight,none,none,none,casual,abstract,deepfashion
Mesh-Paneled_Capri_Leggings_img_00000008,Mesh-Paneled_Capri_Leggings_img_00000008.jpg,leggings,straight,none,none,none,casual,plain,deepfashion
Classic_Faded_Jeggings_img_00000051,Classic_Faded_Jeggings_img_00000051.jpg,leggings,straight,none,none,none,classic,denim,deepfashion
Reflective-Piped_Heathered_Run_Leggings_img_00000015,Reflective-Piped_Heathered_Run_Leggings_img_00000015.jpg,leggings,straight,none,none,none,casual,plain,deepfashion
Space_Dye_Yoga_Leggings_img_00000059,Space_Dye_Yoga_Leggings_img_00000059.jpg,leggings,straight,none,none,none,casual,plain,deepfashion
Lace-Trimmed_Capri_Leggings_img_00000056,Lace-Trimmed_Capri_Leggings_img_00000056.jpg,leggings,straight,none,none,none,casual,lace,deepfashion
Southwestern-Inspired_Knit_Leggings_img_00000015,Southwestern-Inspired_Knit_Leggings_img_00000015.jpg,leggings,straight,none,none,none,casual,textured,deepfashion
Southwestern-Inspired_Knit_Leggings_img_00000002,Southwestern-Inspired_Knit_Leggings_img_00000002.jpg,leggings,straight,none,none,none,casual,textured,deepfashion
Colorblock_Side_Pocket_Leggings_img_00000038,Colorblock_Side_Pocket_Leggings_img_00000038.jpg,leggings,skinny,none,none,none,casual,plain,deepfashion
Heathered_Seamless_Workout_Leggings_img_00000002,Heathered_Seamless_Workout_Leggings_img_00000002.jpg,leggings,straight,none,none,none,casual,plain,deepfashion
Rainbow_Print_Workout_Leggings_img_00000018,Rainbow_Print_Workout_Leggings_img_00000018.jpg,leggings,straight,none,none,none,casual,graphic print,deepfashion
Sunburst_Printed_Athletic_Leggings_img_00000014,Sunburst_Printed_Athletic_Leggings_img_00000014.jpg,leggings,straight,none,none,none,sporty,graphic print,deepfashion
Chic_High-Waisted_Jeggings_img_00000029,Chic_High-Waisted_Jeggings_img_00000029.jpg,leggings,straight,none,none,none,casual,plain,deepfashion
Studio_Stirrup_Leggings_img_00000055,Studio_Stirrup_Leggings_img_00000055.jpg,leggings,straight,none,none,none,casual,plain,deepfashion
Marled_Colorblock_Capri_Leggings_img_00000020,Marled_Colorblock_Capri_Leggings_img_00000020.jpg,leggings,straight,none,none,none,casual,plain,deepfashion
Perfomance_Leggings_img_00000040,Perfomance_Leggings_img_00000040.jpg,leggings,straight,none,none,none,casual,graphic print,deepfashion
Cutout_Workout_Leggings_img_00000017,Cutout_Workout_Leggings_img_00000017.jpg,leggings,straight,none,none,none,casual,plain,deepfashion
High_Intensity_Running_Leggings_img_00000024,High_Intensity_Running_Leggings_img_00000024.jpg,leggings,straight,none,none,none,casual,plain,deepfashion
Ditsy_Floral_Print_Leggings_img_00000015,Ditsy_Floral_Print_Leggings_img_00000015.jpg,leggings,straight,none,none,none,casual,floral,deepfashion
Side_Pocket_Yoga_Leggings_img_00000020,Side_Pocket_Yoga_Leggings_img_00000020.jpg,leggings,straight,none,none,none,casual,plain,deepfashion
High_Waist-_Quilted_Moto_Jeggings_img_00000003,High_Waist-_Quilted_Moto_Jeggings_img_00000003.jpg,leggings,straight,none,none,none,casual,plain,deepfashion
Studio_Stirrup_Leggings_img_00000007,Studio_Stirrup_Leggings_img_00000007.jpg,leggings,straight,none,none,none,casual,plain,deepfashion
Ikat_Print_Leggings_img_00000026,Ikat_Print_Leggings_img_00000026.jpg,leggings,straight,none,none,none,casual,graphic print,deepfashion
Favorite_Ankle_Leggings_img_00000029,Favorite_Ankle_Leggings_img_00000029.jpg,leggings,skinny,none,none,none,casual,plain,deepfashion
Fold-Over_Yoga_Leggings_img_00000007,Fold-Over_Yoga_Leggings_img_00000007.jpg,leggings,straight,none,none,none,casual,plain,deepfashion
Classic_Soft_Jeggings_img_00000024,Classic_Soft_Jeggings_img_00000024.jpg,leggings,straight,none,none,none,classic,denim,deepfashion
Wildflower_Print_Leggings_img_00000027,Wildflower_Print_Leggings_img_00000027.jpg,leggings,straight,none,none,none,casual,graphic print,deepfashion
Performance_Capri_Leggings_img_00000037,Performance_Capri_Leggings_img_00000037.jpg,leggings,straight,none,none,none,casual,plain,deepfashion
Classic_Faded_Jeggings_img_00000009,Classic_Faded_Jeggings_img_00000009.jpg,leggings,straight,none,none,none,classic,plain,deepfashion
Clean_Wash_Jeggings_img_00000028,Clean_Wash_Jeggings_img_00000028.jpg,leggings,straight,none,none,none,casual,denim,deepfashion
Paisley_Print_Leggings_img_00000012,Paisley_Print_Leggings_img_00000012.jpg,leggings,straight,none,none,none,bohemian,paisley,deepfashion
Colorblocked_Foldover_Leggings_img_00000024,Colorblocked_Foldover_Leggings_img_00000024.jpg,leggings,straight,none,none,none,casual,plain,deepfashion
Damask_Print_Leggings_img_00000011,Damask_Print_Leggings_img_00000011.jpg,leggings,straight,none,none,none,casual,graphic print,deepfashion
Studio_Stirrup_Leggings_img_00000021,Studio_Stirrup_Leggings_img_00000021.jpg,leggings,straight,none,none,none,casual,plain,deepfashion
Soft_Knit_Leggings_img_00000003,Soft_Knit_Leggings_img_00000003.jpg,leggings,straight,none,none,none,casual,textured,deepfashion
Faux_Leather-Paneled_Leggings_img_00000046,Faux_Leather-Paneled_Leggings_img_00000046.jpg,leggings,straight,none,none,none,casual,plain,deepfashion
Zip-Front_Leggings_img_00000017,Zip-Front_Leggings_img_00000017.jpg,leggings,straight,none,none,none,casual,plain,deepfashion
Heathered_Yoga_Capri_Leggings_img_00000005,Heathered_Yoga_Capri_Leggings_img_00000005.jpg,leggings,straight,none,none,none,casual,plain,deepfashion
Performance_Capri_Leggings_img_00000023,Performance_Capri_Leggings_img_00000023.jpg,leggings,straight,none,none,none,casual,graphic print,deepfashion
High-Waisted_Lounge_Leggings_img_00000041,High-Waisted_Lounge_Leggings_img_00000041.jpg,leggings,skinny,none,none,none,casual,plain,deepfashion
High_Intensity_Running_Leggings_img_00000019,High_Intensity_Running_Leggings_img_00000019.jpg,leggings,straight,none,none,none,casual,graphic print,deepfashion
Colorblock_Capri_Leggings_img_00000019,Colorblock_Capri_Leggings_img_00000019.jpg,leggings,straight,none,none,none,casual,plain,deepfashion
Space_Dye_Yoga_Leggings_img_00000003,Space_Dye_Yoga_Leggings_img_00000003.jpg,leggings,cropped,none,none,none,casual,plain,deepfashion
Abstract-Printed_Capri_Leggings_img_00000017,Abstract-Printed_Capri_Leggings_img_00000017.jpg,leggings,straight,none,none,none,casual,abstract,deepfashion
Colorblocked_Foldover_Leggings_img_00000013,Colorblocked_Foldover_Leggings_img_00000013.jpg,leggings,straight,none,none,none,casual,plain,deepfashion
Colorblock_Heathered_Capri_Leggings_img_00000013,Colorblock_Heathered_Capri_Leggings_img_00000013.jpg,leggings,straight,none,none,none,casual,plain,deepfashion
Space_Dye_Capri_Leggings_img_00000008,Space_Dye_Capri_Leggings_img_00000008.jpg,leggings,straight,none,none,none,casual,graphic print,deepfashion
Cutout_Workout_Leggings_img_00000015,Cutout_Workout_Leggings_img_00000015.jpg,leggings,straight,none,none,none,casual,plain,deepfashion
Sunburst_Printed_Athletic_Leggings_img_00000011,Sunburst_Printed_Athletic_Leggings_img_00000011.jpg,leggings,straight,none,none,none,sporty,graphic print,deepfashion
Luxe-Printed_Workout_Leggings_img_00000025,Luxe-Printed_Workout_Leggings_img_00000025.jpg,leggings,straight,none,none,none,casual,graphic print,deepfashion
Classic_Soft_Jeggings_img_00000063,Classic_Soft_Jeggings_img_00000063.jpg,leggings,straight,none,none,none,classic,plain,deepfashion
Super-Soft_Skinny_Jeans_img_00000045,Super-Soft_Skinny_Jeans_img_00000045.jpg,pants,skinny,none,none,none,casual,plain,deepfashion
Clean_Dark_Wash_-_Slim_Fit_Jeans_img_00000005,Clean_Dark_Wash_-_Slim_Fit_Jeans_img_00000005.jpg,pants,skinny,none,none,none,casual,denim,deepfashion
Acid_Wash_Mom_Jeans_img_00000041,Acid_Wash_Mom_Jeans_img_00000041.jpg,pants,straight,none,none,none,casual,plain,deepfashion
Varsity_Stripe_Chino_Joggers_img_00000016,Varsity_Stripe_Chino_Joggers_img_00000016.jpg,pants,straight,none,none,none,casual,striped,deepfashion
Mineral_Wash_Drawstring_Joggers_img_00000011,Mineral_Wash_Drawstring_Joggers_img_00000011.jpg,pants,straight,none,none,none,casual,denim,deepfashion
Skinny_Ankle_Jeans_img_00000067,Skinny_Ankle_Jeans_img_00000067.jpg,pants,skinny,none,none,none,casual,plain,deepfashion
Drop-Crotch_Denim_Joggers_img_00000002,Drop-Crotch_Denim_Joggers_img_00000002.jpg,pants,straight,none,none,none,casual,denim,deepfashion
Tropical_Print_Sweatpants_img_00000026,Tropical_Print_Sweatpants_img_00000026.jpg,pants,straight,none,none,none,casual,graphic print,deepfashion
Velvet_Floral_Sweatpants_img_00000041,Velvet_Floral_Sweatpants_img_00000041.jpg,pants,straight,none,none,none,casual,floral,deepfashion
Marled_Knit_Sweatpants_img_00000013,Marled_Knit_Sweatpants_img_00000013.jpg,pants,straight,none,none,none,casual,textured,deepfashion
Slub_Knit_Sweatpants_img_00000015,Slub_Knit_Sweatpants_img_00000015.jpg,pants,straight,none,none,none,casual,textured,deepfashion
Stonewash-_Skinny_Jeans_img_00000039,Stonewash-_Skinny_Jeans_img_00000039.jpg,pants,skinny,none,none,none,casual,plain,deepfashion
Textured_Two-Tone_Sweatpants_img_00000010,Textured_Two-Tone_Sweatpants_img_00000010.jpg,pants,slim,none,none,none,casual,textured,deepfashion
Contrast_Mesh-Paneled_Sweatpants_img_00000011,Contrast_Mesh-Paneled_Sweatpants_img_00000011.jpg,pants,straight,none,none,none,casual,plain,deepfashion
Denim_Joggers_img_00000028,Denim_Joggers_img_00000028.jpg,pants,straight,none,none,none,casual,denim,deepfashion
Denim_Joggers_img_00000003,Denim_Joggers_img_00000003.jpg,pants,straight,none,none,none,casual,denim,deepfashion
Faux_Suede-Trimmed_Marled_Joggers_img_00000004,Faux_Suede-Trimmed_Marled_Joggers_img_00000004.jpg,pants,straight,none,none,none,casual,animal print,deepfashion
Stone_Washed_Denim_Joggers_img_00000002,Stone_Washed_Denim_Joggers_img_00000002.jpg,pants,straight,none,none,none,casual,denim,deepfashion
Classic_Low_Rise_Skinny_Jeans_img_00000018,Classic_Low_Rise_Skinny_Jeans_img_00000018.jpg,pants,skinny,none,none,none,classic,striped,deepfashion
Low-Rise_Ankle_Jeans_img_00000056,Low-Rise_Ankle_Jeans_img_00000056.jpg,pants,straight,none,none,none,casual,plain,deepfashion
Button-Tab_Ankle_Chinos_img_00000025,Button-Tab_Ankle_Chinos_img_00000025.jpg,pants,straight,none,none,none,casual,denim,deepfashion
Abstract_Print_Joggers_img_00000002,Abstract_Print_Joggers_img_00000002.jpg,pants,straight,none,none,none,classic,abstract,deepfashion
Acid_Wash_-_Skinny_Jeans_img_00000024,Acid_Wash_-_Skinny_Jeans_img_00000024.jpg,pants,skinny,none,none,none,casual,plain,deepfashion
Brooklyn_Nets_Logo_Sweatpants_img_00000018,Brooklyn_Nets_Logo_Sweatpants_img_00000018.jpg,pants,straight,none,none,none,casual,plain,deepfashion
Acid_Wash_Boyfriend_Jeans_img_00000018,Acid_Wash_Boyfriend_Jeans_img_00000018.jpg,pants,straight,none,none,none,casual,plain,deepfashion
Faux_Leather_Joggers_img_00000038,Faux_Leather_Joggers_img_00000038.jpg,pants,straight,none,none,none,casual,plain,deepfashion
Flared_Jeans_img_00000083,Flared_Jeans_img_00000083.jpg,pants,straight,none,none,none,casual,denim,deepfashion
Classic_Distressed_Boyfriend_Jeans_img_00000013,Classic_Distressed_Boyfriend_Jeans_img_00000013.jpg,pants,straight,none,none,none,classic,plain,deepfashion
Cuffed_Origami-Front_Joggers_img_00000010,Cuffed_Origami-Front_Joggers_img_00000010.jpg,pants,straight,none,none,none,casual,textured,deepfashion
Marled_Tuxedo-Stripe_Joggers_img_00000019,Marled_Tuxedo-Stripe_Joggers_img_00000019.jpg,pants,straight,none,none,none,casual,striped,deepfashion
High-Waisted_Skinny_Jeans_img_00000007,High-Waisted_Skinny_Jeans_img_00000007.jpg,pants,skinny,none,none,none,casual,plain,deepfashion
Distressed_Skinny_Jeans_img_00000042,Distressed_Skinny_Jeans_img_00000042.jpg,pants,skinny,none,none,none,casual,denim,deepfashion
Acid_Wash_-_Skinny_Jeans_img_00000025,Acid_Wash_-_Skinny_Jeans_img_00000025.jpg,pants,skinny,none,none,none,casual,plain,deepfashion
Ripped_Skinny_Jeans_img_00000016,Ripped_Skinny_Jeans_img_00000016.jpg,pants,skinny,none,none,none,casual,plain,deepfashion
Distressed_Patchwork_Jeans_img_00000023,Distressed_Patchwork_Jeans_img_00000023.jpg,pants,slim,none,none,none,casual,denim,deepfashion
Zippered_Camo-Paneled_Chino_Joggers_img_00000004,Zippered_Camo-Paneled_Chino_Joggers_img_00000004.jpg,pants,skinny,none,none,none,casual,denim,deepfashion
White_Distressed_Skinny_Jeans_img_00000077,White_Distressed_Skinny_Jeans_img_00000077.jpg,pants,skinny,none,none,none,casual,plain,deepfashion
Fresh_City_Sweatpants_img_00000013,Fresh_City_Sweatpants_img_00000013.jpg,pants,straight,none,none,none,casual,plain,deepfashion
Boho_Doll_Paisley_Joggers_img_00000004,Boho_Doll_Paisley_Joggers_img_00000004.jpg,pants,straight,none,none,none,bohemian,paisley,deepfashion
Striped_Joggers_img_00000027,Striped_Joggers_img_00000027.jpg,pants,straight,none,none,none,casual,striped,deepfashion
Classic_Cotton_Chinos_img_00000022,Classic_Cotton_Chinos_img_00000022.jpg,pants,straight,none,none,none,classic,plain,deepfashion
Mineral_Wash_Drawstring_Joggers_img_00000022,Mineral_Wash_Drawstring_Joggers_img_00000022.jpg,pants,straight,none,none,none,classic,textured,deepfashion
Drawstring_Denim_Joggers_img_00000006,Drawstring_Denim_Joggers_img_00000006.jpg,pants,straight,none,none,none,casual,denim,deepfashion
Drop-Crotch_Denim_Joggers_img_00000058,Drop-Crotch_Denim_Joggers_img_00000058.jpg,pants,straight,none,none,none,casual,denim,deepfashion
Clean_Wash_High-Rise_Skinny_Jeans_img_00000036,Clean_Wash_High-Rise_Skinny_Jeans_img_00000036.jpg,pants,skinny,none,none,none,casual,plain,deepfashion
Keep_Out_Sweatpants_img_00000024,Keep_Out_Sweatpants_img_00000024.jpg,pants,straight,none,none,none,casual,plain,deepfashion
Low_Rise-_Ankle_Skinny_Jeans_img_00000039,Low_Rise-_Ankle_Skinny_Jeans_img_00000039.jpg,pants,skinny,none,none,none,casual,plain,deepfashion
Faded_Stretch-Fit_Skinny_Jeans_img_00000010,Faded_Stretch-Fit_Skinny_Jeans_img_00000010.jpg,pants,skinny,none,none,none,casual,plain,deepfashion
Cinched_Ankle_Jeans_img_00000056,Cinched_Ankle_Jeans_img_00000056.jpg,pants,straight,none,none,none,casual,plain,deepfashion
Super-Soft_Skinny_Jeans_img_00000017,Super-Soft_Skinny_Jeans_img_00000017.jpg,pants,skinny,none,none,none,casual,plain,deepfashion
Heathered_Knit_Sweatpants_img_00000030,Heathered_Knit_Sweatpants_img_00000030.jpg,pants,straight,none,none,none,casual,textured,deepfashion
Dark_Wash_-_Slim_Fit_Jeans_img_00000027,Dark_Wash_-_Slim_Fit_Jeans_img_00000027.jpg,pants,slim,none,none,none,casual,plain,deepfashion
Floral_Print_Culottes_img_00000024,Floral_Print_Culottes_img_00000024.jpg,pants,straight,none,none,none,casual,floral,deepfashion
Pleated_Wide-Leg_Culottes_img_00000017,Pleated_Wide-Leg_Culottes_img_00000017.jpg,pants,straight,none,none,none,casual,plain,deepfashion
Tribal_Inspired_Joggers_img_00000008,Tribal_Inspired_Joggers_img_00000008.jpg,pants,straight,none,none,none,casual,plain,deepfashion
White_Distressed_Skinny_Jeans_img_00000056,White_Distressed_Skinny_Jeans_img_00000056.jpg,pants,skinny,none,none,none,casual,plain,deepfashion
Floral_Print_Culottes_img_00000062,Floral_Print_Culottes_img_00000062.jpg,pants,straight,none,none,none,casual,floral,deepfashion
Classic_Skinny_Jeans_img_00000018,Classic_Skinny_Jeans_img_00000018.jpg,pants,skinny,none,none,none,classic,plain,deepfashion
Distressed_Light_Wash_-_Slim_Fit_Jeans_img_00000013,Distressed_Light_Wash_-_Slim_Fit_Jeans_img_00000013.jpg,pants,slim,none,none,none,casual,denim,deepfashion
Zippered_Sweatpants_img_00000010,Zippered_Sweatpants_img_00000010.jpg,pants,straight,none,none,none,casual,plain,deepfashion
Classic_Twill_Chinos_img_00000025,Classic_Twill_Chinos_img_00000025.jpg,pants,straight,none,none,none,classic,plain,deepfashion
Medium_Wash_-_Slim_Fit_Jeans_img_00000073,Medium_Wash_-_Slim_Fit_Jeans_img_00000073.jpg,pants,slim,none,none,none,casual,plain,deepfashion
Paneled_Knit_Sweatpants_img_00000022,Paneled_Knit_Sweatpants_img_00000022.jpg,pants,slim,none,none,none,casual,textured,deepfashion
Zippered-Ankle_Skinny_Jeans_img_00000049,Zippered-Ankle_Skinny_Jeans_img_00000049.jpg,pants,skinny,none,none,none,casual,plain,deepfashion
Brooklyn_Nets_Logo_Sweatpants_img_00000054,Brooklyn_Nets_Logo_Sweatpants_img_00000054.jpg,pants,straight,none,none,none,casual,plain,deepfashion
Mineral_Wash_Drawstring_Sweatpants_img_00000012,Mineral_Wash_Drawstring_Sweatpants_img_00000012.jpg,pants,straight,none,none,none,casual,plain,deepfashion
Control_Sector_Drawstring_Harem_Joggers_img_00000020,Control_Sector_Drawstring_Harem_Joggers_img_00000020.jpg,pants,straight,none,none,none,casual,plain,deepfashion
Medium_Wash_-_Straight-Leg_Jeans_img_00000029,Medium_Wash_-_Straight-Leg_Jeans_img_00000029.jpg,pants,straight,none,none,none,casual,plain,deepfashion
Medium_Wash_-_Straight-Leg_Jeans_img_00000061,Medium_Wash_-_Straight-Leg_Jeans_img_00000061.jpg,pants,straight,none,none,none,casual,plain,deepfashion
Faux_Leather_Trimmed_Joggers_img_00000038,Faux_Leather_Trimmed_Joggers_img_00000038.jpg,pants,straight,none,none,none,casual,plain,deepfashion
Low-Rise_Ankle_Jeans_img_00000010,Low-Rise_Ankle_Jeans_img_00000010.jpg,pants,skinny,none,none,none,casual,plain,deepfashion
Ripped_Skinny_Jeans_img_00000047,Ripped_Skinny_Jeans_img_00000047.jpg,pants,skinny,none,none,none,casual,plain,deepfashion
Clean_Wash_-_Skinny_Jeans_img_00000028,Clean_Wash_-_Skinny_Jeans_img_00000028.jpg,pants,skinny,none,none,none,casual,plain,deepfashion
Kangaroo_Pocket_Harem_Joggers_img_00000015,Kangaroo_Pocket_Harem_Joggers_img_00000015.jpg,pants,straight,none,none,none,casual,plain,deepfashion
High-Waisted_Cargo_Joggers_img_00000029,High-Waisted_Cargo_Joggers_img_00000029.jpg,pants,straight,none,none,none,casual,plain,deepfashion
Wide-Leg_Jeans_img_00000041,Wide-Leg_Jeans_img_00000041.jpg,pants,straight,none,none,none,casual,plain,deepfashion
Mineral_Wash_Chambray_Joggers_img_00000019,Mineral_Wash_Chambray_Joggers_img_00000019.jpg,pants,straight,none,none,none,casual,denim,deepfashion
Distressed_Cropped_Jeans_img_00000004,Distressed_Cropped_Jeans_img_00000004.jpg,pants,skinny,none,none,none,casual,plain,deepfashion
Low-Rise_-__Mineral_Wash_Jeans_img_00000026,Low-Rise_-__Mineral_Wash_Jeans_img_00000026.jpg,pants,slim,none,none,none,casual,denim,deepfashion
Sandstone_Ikat_Joggers_img_00000006,Sandstone_Ikat_Joggers_img_00000006.jpg,pants,straight,none,none,none,casual,plain,deepfashion
L.A.T.H.C._Victory_Sweatpants_img_00000027,L.A.T.H.C._Victory_Sweatpants_img_00000027.jpg,pants,straight,none,none,none,casual,plain,deepfashion
Keep_Out_Sweatpants_img_00000015,Keep_Out_Sweatpants_img_00000015.jpg,pants,straight,none,none,none,casual,plain,deepfashion
Topstitched_Jodhpurs_img_00000014,Topstitched_Jodhpurs_img_00000014.jpg,pants,straight,none,none,none,casual,plain,deepfashion
Mid-Rise_-_Acid_Wash_Skinny_Jeans_img_00000064,Mid-Rise_-_Acid_Wash_Skinny_Jeans_img_00000064.jpg,pants,skinny,none,none,none,casual,plain,deepfashion
Quilted_Sweatpants_img_00000073,Quilted_Sweatpants_img_00000073.jpg,pants,straight,none,none,none,casual,plain,deepfashion
Americana_Skinny_Jeans_img_00000022,Americana_Skinny_Jeans_img_00000022.jpg,pants,skinny,none,none,none,casual,plain,deepfashion
Fresh_City_Sweatpants_img_00000014,Fresh_City_Sweatpants_img_00000014.jpg,pants,straight,none,none,none,casual,plain,deepfashion
Tropical_Print_Sweatpants_img_00000027,Tropical_Print_Sweatpants_img_00000027.jpg,pants,straight,none,none,none,casual,graphic print,deepfashion
Classic_Solid_Skinny_Jeans_img_00000029,Classic_Solid_Skinny_Jeans_img_00000029.jpg,pants,skinny,none,none,none,classic,plain,deepfashion
Stretch_Fit_Classic_Skinny_Jeans_img_00000022,Stretch_Fit_Classic_Skinny_Jeans_img_00000022.jpg,pants,skinny,none,none,none,classic,denim,deepfashion
Stretch_Denim_Joggers_img_00000034,Stretch_Denim_Joggers_img_00000034.jpg,pants,straight,none,none,none,casual,denim,deepfashion
Tribal_Print_Joggers_img_00000071,Tribal_Print_Joggers_img_00000071.jpg,pants,straight,none,none,none,casual,graphic print,deepfashion
Marled_Knit_Drawstring_Joggers_img_00000019,Marled_Knit_Drawstring_Joggers_img_00000019.jpg,pants,straight,none,none,none,casual,textured,deepfashion
Tribal_Print_Drawstring_Joggers_img_00000012,Tribal_Print_Drawstring_Joggers_img_00000012.jpg,pants,skinny,none,none,none,casual,graphic print,deepfashion
Acid_Wash_Joggers_img_00000040,Acid_Wash_Joggers_img_00000040.jpg,pants,straight,none,none,none,casual,plain,deepfashion
Woven_Cargo_Joggers_img_00000019,Woven_Cargo_Joggers_img_00000019.jpg,pants,straight,none,none,none,casual,plain,deepfashion
Mineral_Wash_High-Rise_Skinny_Jeans_img_00000005,Mineral_Wash_High-Rise_Skinny_Jeans_img_00000005.jpg,pants,skinny,none,none,none,casual,denim,deepfashion
Clean_Wash_Bootleg_Jeans_img_00000012,Clean_Wash_Bootleg_Jeans_img_00000012.jpg,pants,straight,none,none,none,casual,plain,deepfashion
Classic_Mom_Jeans_img_00000061,Classic_Mom_Jeans_img_00000061.jpg,pants,straight,none,none,none,classic,plain,deepfashion
Ripped_Skinny_Jeans_img_00000006,Ripped_Skinny_Jeans_img_00000006.jpg,pants,skinny,none,none,none,casual,plain,deepfashion
Faux_Leather_Trimmed_Joggers_img_00000034,Faux_Leather_Trimmed_Joggers_img_00000034.jpg,pants,straight,none,none,none,casual,plain,deepfashion
Sandstone_Ikat_Joggers_img_00000021,Sandstone_Ikat_Joggers_img_00000021.jpg,pants,straight,none,none,none,casual,plain,deepfashion
Civil_Graphic_Sweatpants_img_00000007,Civil_Graphic_Sweatpants_img_00000007.jpg,pants,straight,none,none,none,casual,plain,deepfashion
Medium_Wash_-_Straight-Leg_Jeans_img_00000032,Medium_Wash_-_Straight-Leg_Jeans_img_00000032.jpg,pants,straight,none,none,none,casual,plain,deepfashion
Low_Rise-_Ankle_Skinny_Jeans_img_00000002,Low_Rise-_Ankle_Skinny_Jeans_img_00000002.jpg,pants,skinny,none,none,none,casual,plain,deepfashion
Slim_Cotton_Chinos_img_00000049,Slim_Cotton_Chinos_img_00000049.jpg,pants,slim,none,none,none,casual,plain,deepfashion
Tribal_Print_Sweatpants_img_00000016,Tribal_Print_Sweatpants_img_00000016.jpg,pants,straight,none,none,none,casual,graphic print,deepfashion
Flared_Jeans_img_00000033,Flared_Jeans_img_00000033.jpg,pants,slim,none,none,none,casual,plain,deepfashion
Crochet-Patch_Boyfriend_Jeans_img_00000003,Crochet-Patch_Boyfriend_Jeans_img_00000003.jpg,pants,straight,none,none,none,casual,plain,deepfashion
Tribal-Inspired_Woven_Joggers_img_00000003,Tribal-Inspired_Woven_Joggers_img_00000003.jpg,pants,straight,none,none,none,casual,plain,deepfashion
Pleated_Drawstring_Chinos_img_00000031,Pleated_Drawstring_Chinos_img_00000031.jpg,pants,straight,none,none,none,casual,plain,deepfashion
Cinched_Ankle_Jeans_img_00000028,Cinched_Ankle_Jeans_img_00000028.jpg,pants,skinny,none,none,none,casual,plain,deepfashion
Brushstroke_Print_Sweatpants_img_00000037,Brushstroke_Print_Sweatpants_img_00000037.jpg,pants,straight,none,none,none,casual,graphic print,deepfashion
Heathered_Joggers_img_00000029,Heathered_Joggers_img_00000029.jpg,pants,straight,none,none,none,casual,textured,deepfashion
Reason_Zip_Pocket_Joggers_img_00000020,Reason_Zip_Pocket_Joggers_img_00000020.jpg,pants,straight,none,none,none,casual,plain,deepfashion
Clean_Wash_High-Rise_Skinny_Jeans_img_00000006,Clean_Wash_High-Rise_Skinny_Jeans_img_00000006.jpg,pants,skinny,none,none,none,casual,plain,deepfashion
Distressed_Boyfriend_Jeans_img_00000005,Distressed_Boyfriend_Jeans_img_00000005.jpg,pants,straight,none,none,none,casual,plain,deepfashion
High-Rise_Mom_Jeans_img_00000023,High-Rise_Mom_Jeans_img_00000023.jpg,pants,straight,none,none,none,casual,plain,deepfashion
High-Rise_Mom_Jeans_img_00000022,High-Rise_Mom_Jeans_img_00000022.jpg,pants,straight,none,none,none,casual,denim,deepfashion
Leopard_Print_Sweatpants_img_00000059,Leopard_Print_Sweatpants_img_00000059.jpg,pants,straight,none,none,none,casual,animal print,deepfashion
Drawstring_Strapless_Romper_img_00000014,Drawstring_Strapless_Romper_img_00000014.jpg,romper,straight,none,strapless,none,casual,graphic print,deepfashion
Faux_Gem-Embellished_Woven_Romper_img_00000027,Faux_Gem-Embellished_Woven_Romper_img_00000027.jpg,romper,straight,none,none,none,casual,plain,deepfashion
Crochet-Trimmed_Geo_Print_Romper_img_00000034,Crochet-Trimmed_Geo_Print_Romper_img_00000034.jpg,romper,straight,bell sleeve,none,none,bohemian,geometric,deepfashion
Crochet-Trimmed_PJ_Romper_img_00000025,Crochet-Trimmed_PJ_Romper_img_00000025.jpg,romper,wrap,none,none,none,casual,floral,deepfashion
Buttoned_Floral_Romper_img_00000021,Buttoned_Floral_Romper_img_00000021.jpg,romper,pleated,none,none,none,casual,floral,deepfashion
Textured_Floral_Lace_Romper_img_00000068,Textured_Floral_Lace_Romper_img_00000068.jpg,romper,straight,none,none,none,casual,floral,deepfashion
Bandana_Print_Flounce_Romper_img_00000012,Bandana_Print_Flounce_Romper_img_00000012.jpg,romper,straight,none,none,none,casual,graphic print,deepfashion
Flounced_Sateen_Romper_img_00000011,Flounced_Sateen_Romper_img_00000011.jpg,romper,straight,none,none,none,casual,plain,deepfashion
Floral_Print_Trapeze_Romper_img_00000024,Floral_Print_Trapeze_Romper_img_00000024.jpg,romper,straight,none,none,none,casual,floral,deepfashion
Caged-Side_Cami_Romper_img_00000008,Caged-Side_Cami_Romper_img_00000008.jpg,romper,straight,none,none,none,casual,plain,deepfashion
Crochet-Trimmed_Abstract_Floral_Romper_img_00000016,Crochet-Trimmed_Abstract_Floral_Romper_img_00000016.jpg,romper,straight,none,none,none,casual,floral,deepfashion
Floral_Print_V-Neck_Romper_img_00000071,Floral_Print_V-Neck_Romper_img_00000071.jpg,romper,straight,none,v-neck,none,casual,floral,deepfashion
Retro_Renegade_Romper_img_00000022,Retro_Renegade_Romper_img_00000022.jpg,romper,straight,none,strapless,none,casual,plain,deepfashion
Tribal_Print_V-Neck_Romper_img_00000002,Tribal_Print_V-Neck_Romper_img_00000002.jpg,romper,straight,none,v-neck,none,casual,graphic print,deepfashion
Abstract_Print_Combo_Romper_img_00000015,Abstract_Print_Combo_Romper_img_00000015.jpg,romper,straight,none,none,none,casual,abstract,deepfashion
Pleated_Chiffon_Romper_img_00000014,Pleated_Chiffon_Romper_img_00000014.jpg,romper,pleated,none,none,none,casual,plain,deepfashion
Baroque-Embossed_Romper_img_00000007,Baroque-Embossed_Romper_img_00000007.jpg,romper,straight,none,none,none,casual,plain,deepfashion
Floral_Crochet_Racerback_Romper_img_00000024,Floral_Crochet_Racerback_Romper_img_00000024.jpg,romper,straight,none,none,none,casual,floral,deepfashion
Ditsy_Floral_Print_Romper_img_00000017,Ditsy_Floral_Print_Romper_img_00000017.jpg,romper,straight,none,none,none,casual,floral,deepfashion
Lace-Trimmed_Cutout_Halter_Romper_img_00000036,Lace-Trimmed_Cutout_Halter_Romper_img_00000036.jpg,romper,straight,none,halter,none,casual,lace,deepfashion
Denim_Utility_Romper_img_00000013,Denim_Utility_Romper_img_00000013.jpg,romper,straight,none,none,none,casual,denim,deepfashion
Floral_Lace-Paneled_Romper_img_00000021,Floral_Lace-Paneled_Romper_img_00000021.jpg,romper,straight,none,none,none,casual,floral,deepfashion
Botanical_Floral_Cutout_Romper_img_00000038,Botanical_Floral_Cutout_Romper_img_00000038.jpg,romper,straight,none,none,none,casual,floral,deepfashion
Floral-Embroidered_Romper_img_00000023,Floral-Embroidered_Romper_img_00000023.jpg,romper,straight,none,none,none,casual,floral,deepfashion
Ruffle_Trim_Romper_img_00000002,Ruffle_Trim_Romper_img_00000002.jpg,romper,straight,sleeveless,none,none,casual,lace,deepfashion
Draped-Front_Sleeveless_Romper_img_00000005,Draped-Front_Sleeveless_Romper_img_00000005.jpg,romper,straight,sleeveless,none,none,casual,plain,deepfashion
Floral_PJ_Romper_img_00000038,Floral_PJ_Romper_img_00000038.jpg,romper,straight,none,v-neck,none,casual,floral,deepfashion
Zigzag_Print_Surplice_Romper_img_00000034,Zigzag_Print_Surplice_Romper_img_00000034.jpg,romper,straight,none,none,none,casual,graphic print,deepfashion
Lace-Trimmed_Cutout_Halter_Romper_img_00000005,Lace-Trimmed_Cutout_Halter_Romper_img_00000005.jpg,romper,bodycon,none,halter,none,casual,lace,deepfashion
Strappy_Daisy_Print_Romper_img_00000017,Strappy_Daisy_Print_Romper_img_00000017.jpg,romper,straight,none,none,none,casual,floral,deepfashion
Delicate_Details_Lace_Romper_img_00000024,Delicate_Details_Lace_Romper_img_00000024.jpg,romper,straight,none,none,none,casual,lace,deepfashion
Botanical_Floral_Cutout_Romper_img_00000022,Botanical_Floral_Cutout_Romper_img_00000022.jpg,romper,straight,none,none,none,casual,floral,deepfashion
Button-Front_Drawstring_Romper_img_00000001,Button-Front_Drawstring_Romper_img_00000001.jpg,romper,straight,none,none,none,casual,plain,deepfashion
Lace_Inset_Minimalist_Romper_img_00000028,Lace_Inset_Minimalist_Romper_img_00000028.jpg,romper,mini,none,none,none,casual,lace,deepfashion
Tie-Dye_Print_Romper_img_00000001,Tie-Dye_Print_Romper_img_00000001.jpg,romper,straight,none,none,none,casual,graphic print,deepfashion
Crochet-Trimmed_Geo_Print_Romper_img_00000027,Crochet-Trimmed_Geo_Print_Romper_img_00000027.jpg,romper,straight,none,none,none,bohemian,lace,deepfashion
Bell-Sleeved_Floral_Print_Romper_img_00000050,Bell-Sleeved_Floral_Print_Romper_img_00000050.jpg,romper,mini,bell sleeve,none,none,casual,floral,deepfashion
Bell-Sleeved_Floral_Print_Romper_img_00000054,Bell-Sleeved_Floral_Print_Romper_img_00000054.jpg,romper,straight,bell sleeve,none,none,casual,floral,deepfashion
Caged-Side_Cami_Romper_img_00000033,Caged-Side_Cami_Romper_img_00000033.jpg,romper,straight,none,none,none,casual,graphic print,deepfashion
Mineral_Wash_Romper_img_00000008,Mineral_Wash_Romper_img_00000008.jpg,romper,straight,none,none,none,casual,lace,deepfashion
Ruffle_Trim_Romper_img_00000017,Ruffle_Trim_Romper_img_00000017.jpg,romper,straight,long sleeve,none,none,casual,checkered,deepfashion
Striped_Paisley_Print_Romper_img_00000023,Striped_Paisley_Print_Romper_img_00000023.jpg,romper,straight,none,none,none,casual,striped,deepfashion
Crisscross_Back_PJ_Romper_img_00000004,Crisscross_Back_PJ_Romper_img_00000004.jpg,romper,straight,none,none,none,casual,plain,deepfashion
Strapless_Tile_Print_Romper_img_00000005,Strapless_Tile_Print_Romper_img_00000005.jpg,romper,straight,none,strapless,none,casual,graphic print,deepfashion
Crochet-Trimmed_Geo_Print_Romper_img_00000020,Crochet-Trimmed_Geo_Print_Romper_img_00000020.jpg,romper,straight,none,none,none,casual,geometric,deepfashion
Drawstring_Strapless_Romper_img_00000044,Drawstring_Strapless_Romper_img_00000044.jpg,romper,straight,none,strapless,none,casual,plain,deepfashion
Lace-Trimmed_PJ_Romper_img_00000009,Lace-Trimmed_PJ_Romper_img_00000009.jpg,romper,straight,none,none,none,casual,lace,deepfashion
Southwestern_Print_Crochet_Romper_img_00000003,Southwestern_Print_Crochet_Romper_img_00000003.jpg,romper,straight,none,none,none,casual,textured,deepfashion
Cubist_Print_V-Back_Romper_img_00000012,Cubist_Print_V-Back_Romper_img_00000012.jpg,romper,straight,none,none,none,casual,graphic print,deepfashion
Lace-Paneled_Yoke_Romper_img_00000004,Lace-Paneled_Yoke_Romper_img_00000004.jpg,romper,straight,none,none,none,casual,lace,deepfashion
Tropical_Print_Halter_Romper_img_00000034,Tropical_Print_Halter_Romper_img_00000034.jpg,romper,straight,none,halter,none,casual,graphic print,deepfashion
Embroidered_Drawstring_Romper_img_00000005,Embroidered_Drawstring_Romper_img_00000005.jpg,romper,straight,none,none,none,casual,embroidered,deepfashion
Tribal_Print_Romper_img_00000027,Tribal_Print_Romper_img_00000027.jpg,romper,straight,none,none,none,casual,graphic print,deepfashion
Elephant_Print_Strapless_Romper_img_00000043,Elephant_Print_Strapless_Romper_img_00000043.jpg,romper,straight,none,strapless,none,casual,animal print,deepfashion
Abstract_Print_Surplice_Romper_img_00000025,Abstract_Print_Surplice_Romper_img_00000025.jpg,romper,straight,none,none,none,casual,abstract,deepfashion
Abstract_Geo_Print_Romper_img_00000016,Abstract_Geo_Print_Romper_img_00000016.jpg,romper,straight,sleeveless,none,none,casual,abstract,deepfashion
Crochet_Trim_Peasant_Romper_img_00000007,Crochet_Trim_Peasant_Romper_img_00000007.jpg,romper,straight,none,none,none,casual,plain,deepfashion
Flounced_Sateen_Romper_img_00000005,Flounced_Sateen_Romper_img_00000005.jpg,romper,straight,none,none,none,casual,textured,deepfashion
Tribal_Print_Cami_Romper_img_00000001,Tribal_Print_Cami_Romper_img_00000001.jpg,romper,straight,none,none,none,casual,graphic print,deepfashion
Panda-Hood_Pajama_Onesie_img_00000068,Panda-Hood_Pajama_Onesie_img_00000068.jpg,romper,straight,none,none,none,casual,plain,deepfashion
Tribal_Print_Romper_img_00000053,Tribal_Print_Romper_img_00000053.jpg,romper,straight,none,none,none,casual,graphic print,deepfashion
Abstract_Open-Back_Romper_img_00000001,Abstract_Open-Back_Romper_img_00000001.jpg,romper,straight,none,none,none,casual,abstract,deepfashion
Faded_Chambray_Romper_img_00000003,Faded_Chambray_Romper_img_00000003.jpg,romper,straight,none,none,none,casual,plain,deepfashion
Crochet-Trimmed_Geo_Print_Romper_img_00000009,Crochet-Trimmed_Geo_Print_Romper_img_00000009.jpg,romper,straight,none,none,none,casual,geometric,deepfashion
Baroque_Embroidered_Romper_img_00000034,Baroque_Embroidered_Romper_img_00000034.jpg,romper,straight,none,none,none,casual,embroidered,deepfashion
Puff-Sleeve_Surplice_Romper_img_00000003,Puff-Sleeve_Surplice_Romper_img_00000003.jpg,romper,straight,short sleeve,none,none,casual,plain,deepfashion
Acid_Wash_Denim_Romper_img_00000004,Acid_Wash_Denim_Romper_img_00000004.jpg,romper,straight,none,none,none,casual,denim,deepfashion
Woven_Surplice_Romper_img_00000008,Woven_Surplice_Romper_img_00000008.jpg,romper,straight,none,none,none,casual,plain,deepfashion
Floral_Cami_Romper_img_00000016,Floral_Cami_Romper_img_00000016.jpg,romper,straight,none,none,none,casual,floral,deepfashion
Strapless_Woven_Romper_img_00000020,Strapless_Woven_Romper_img_00000020.jpg,romper,straight,none,strapless,none,casual,plain,deepfashion
Woven_Surplice_Romper_img_00000045,Woven_Surplice_Romper_img_00000045.jpg,romper,straight,none,none,none,casual,plain,deepfashion
V-Cut_Back_Romper_img_00000030,V-Cut_Back_Romper_img_00000030.jpg,romper,straight,none,none,none,casual,plain,deepfashion
V-Cut_Back_Romper_img_00000033,V-Cut_Back_Romper_img_00000033.jpg,romper,straight,none,none,none,casual,plain,deepfashion
Paint_It_Red_Floral_Print_Romper_img_00000006,Paint_It_Red_Floral_Print_Romper_img_00000006.jpg,romper,pleated,none,none,none,casual,floral,deepfashion
V-Cut_Back_Romper_img_00000022,V-Cut_Back_Romper_img_00000022.jpg,romper,straight,none,none,none,casual,plain,deepfashion
Strapless_Skort_Romper_img_00000026,Strapless_Skort_Romper_img_00000026.jpg,romper,straight,none,strapless,none,casual,plain,deepfashion
Rose_Print_Romper_img_00000025,Rose_Print_Romper_img_00000025.jpg,romper,straight,none,none,none,casual,graphic print,deepfashion
Denim_Utility_Romper_img_00000039,Denim_Utility_Romper_img_00000039.jpg,romper,straight,none,none,none,casual,denim,deepfashion
Cami_Crochet_Romper_img_00000048,Cami_Crochet_Romper_img_00000048.jpg,romper,straight,none,none,none,casual,textured,deepfashion
Lace_Trim_Cami_Romper_img_00000008,Lace_Trim_Cami_Romper_img_00000008.jpg,romper,straight,none,none,none,casual,lace,deepfashion
Tie-Dye_Print_Romper_img_00000003,Tie-Dye_Print_Romper_img_00000003.jpg,romper,straight,none,none,none,casual,graphic print,deepfashion
Ornate_Lace_Romper_img_00000004,Ornate_Lace_Romper_img_00000004.jpg,romper,straight,none,none,none,casual,lace,deepfashion
Mandala_Print_Surplice_Romper_img_00000011,Mandala_Print_Surplice_Romper_img_00000011.jpg,romper,straight,none,none,none,casual,graphic print,deepfashion
Button-Front_Drawstring_Romper_img_00000011,Button-Front_Drawstring_Romper_img_00000011.jpg,romper,straight,none,v-neck,none,casual,textured,deepfashion
Striped_Tie-Front_Buttoned_Romper_img_00000018,Striped_Tie-Front_Buttoned_Romper_img_00000018.jpg,romper,straight,none,none,none,casual,striped,deepfashion
Watercolor_Floral_Print_Romper_img_00000016,Watercolor_Floral_Print_Romper_img_00000016.jpg,romper,straight,none,none,none,casual,floral,deepfashion
Bell-Sleeved_Floral_Print_Romper_img_00000027,Bell-Sleeved_Floral_Print_Romper_img_00000027.jpg,romper,straight,bell sleeve,none,none,casual,floral,deepfashion
Lace-Paneled_Yoke_Romper_img_00000012,Lace-Paneled_Yoke_Romper_img_00000012.jpg,romper,straight,none,none,none,casual,lace,deepfashion
Cat_Print_Thermal_PJ_Romper_img_00000005,Cat_Print_Thermal_PJ_Romper_img_00000005.jpg,romper,straight,none,none,none,casual,animal print,deepfashion
Floral_Print_V-Neck_Romper_img_00000009,Floral_Print_V-Neck_Romper_img_00000009.jpg,romper,straight,short sleeve,v-neck,none,casual,floral,deepfashion
Baroque_Print_High-Neck_Romper_img_00000039,Baroque_Print_High-Neck_Romper_img_00000039.jpg,romper,straight,none,high neck,none,casual,plain,deepfashion
Scuba_Knit_&_Mesh_Romper_img_00000036,Scuba_Knit_&_Mesh_Romper_img_00000036.jpg,romper,straight,none,none,none,casual,textured,deepfashion
Polka_Dot_Sleeve_Romper_img_00000008,Polka_Dot_Sleeve_Romper_img_00000008.jpg,romper,straight,long sleeve,none,none,casual,polka dot,deepfashion
Abstract_Open-Back_Romper_img_00000031,Abstract_Open-Back_Romper_img_00000031.jpg,romper,straight,none,none,none,casual,abstract,deepfashion
Denim_Utility_Romper_img_00000006,Denim_Utility_Romper_img_00000006.jpg,romper,straight,none,none,none,casual,denim,deepfashion
Botanical_Print_V-Neck_Romper_img_00000042,Botanical_Print_V-Neck_Romper_img_00000042.jpg,romper,bodycon,sleeveless,v-neck,none,casual,lace,deepfashion
Belted_Floral_Print_Romper_img_00000002,Belted_Floral_Print_Romper_img_00000002.jpg,romper,straight,none,none,none,casual,floral,deepfashion
Striped_Lace-Up_Cami_Romper_img_00000010,Striped_Lace-Up_Cami_Romper_img_00000010.jpg,romper,straight,none,strapless,none,casual,striped,deepfashion
Strappy_Daisy_Print_Romper_img_00000032,Strappy_Daisy_Print_Romper_img_00000032.jpg,romper,straight,none,none,none,casual,graphic print,deepfashion
Heathered_Stripe_Romper_img_00000010,Heathered_Stripe_Romper_img_00000010.jpg,romper,straight,none,none,none,casual,striped,deepfashion
Crochet_Trim_Belted_Romper_img_00000046,Crochet_Trim_Belted_Romper_img_00000046.jpg,romper,straight,none,none,none,casual,plain,deepfashion
Tie-Dye_Cami_Romper_img_00000044,Tie-Dye_Cami_Romper_img_00000044.jpg,romper,straight,none,none,none,casual,abstract,deepfashion
Sunburst_Print_Romper_img_00000012,Sunburst_Print_Romper_img_00000012.jpg,romper,straight,none,none,none,casual,graphic print,deepfashion
Floral_Crochet_Racerback_Romper_img_00000004,Floral_Crochet_Racerback_Romper_img_00000004.jpg,romper,straight,none,none,none,casual,floral,deepfashion
Puff-Sleeve_Surplice_Romper_img_00000026,Puff-Sleeve_Surplice_Romper_img_00000026.jpg,romper,straight,short sleeve,none,none,casual,lace,deepfashion
Crochet_Cami_Romper_img_00000007,Crochet_Cami_Romper_img_00000007.jpg,romper,straight,none,none,none,casual,graphic print,deepfashion
Tribal_Print_Halter_Romper_img_00000027,Tribal_Print_Halter_Romper_img_00000027.jpg,romper,straight,none,halter,none,casual,graphic print,deepfashion
Paisley_Print_Strapless_Romper_img_00000007,Paisley_Print_Strapless_Romper_img_00000007.jpg,romper,straight,none,strapless,none,casual,paisley,deepfashion
Strappy_Daisy_Print_Romper_img_00000013,Strappy_Daisy_Print_Romper_img_00000013.jpg,romper,straight,none,none,none,casual,floral,deepfashion
Strapless_Skort_Romper_img_00000014,Strapless_Skort_Romper_img_00000014.jpg,romper,straight,sleeveless,strapless,none,casual,plain,deepfashion
Open-Back_Woven_Romper_img_00000038,Open-Back_Woven_Romper_img_00000038.jpg,romper,straight,none,none,none,casual,plain,deepfashion
Open-Back_Woven_Romper_img_00000062,Open-Back_Woven_Romper_img_00000062.jpg,romper,straight,none,none,none,casual,graphic print,deepfashion
Crisscross_Back_PJ_Romper_img_00000009,Crisscross_Back_PJ_Romper_img_00000009.jpg,romper,straight,none,none,none,casual,lace,deepfashion
V-Cut_Back_Romper_img_00000037,V-Cut_Back_Romper_img_00000037.jpg,romper,straight,none,none,none,casual,lace,deepfashion
Lace-Trimmed_PJ_Romper_img_00000003,Lace-Trimmed_PJ_Romper_img_00000003.jpg,romper,straight,none,none,none,casual,lace,deepfashion
Floral_Print_Surplice_Romper_img_00000018,Floral_Print_Surplice_Romper_img_00000018.jpg,romper,straight,none,none,none,casual,floral,deepfashion
Abstract_Tribal_Print_Romper_img_00000019,Abstract_Tribal_Print_Romper_img_00000019.jpg,romper,straight,none,none,none,casual,abstract,deepfashion
Drawstring_Strapless_Romper_img_00000020,Drawstring_Strapless_Romper_img_00000020.jpg,romper,straight,none,strapless,none,casual,plain,deepfashion
Delicate_Details_Lace_Romper_img_00000025,Delicate_Details_Lace_Romper_img_00000025.jpg,romper,straight,none,none,none,casual,lace,deepfashion
Paisley_Surplice_Halter_Romper_img_00000012,Paisley_Surplice_Halter_Romper_img_00000012.jpg,romper,straight,none,halter,none,casual,paisley,deepfashion
Boxy_Plaid_Flannel_img_00000004,Boxy_Plaid_Flannel_img_00000004.jpg,shirt,boxy,none,none,none,casual,checkered,deepfashion
Tartan_Plaid_Button-Down_img_00000079,Tartan_Plaid_Button-Down_img_00000079.jpg,shirt,regular fit,none,none,none,casual,checkered,deepfashion
Zippered_Tartan_Plaid_Flannel_img_00000031,Zippered_Tartan_Plaid_Flannel_img_00000031.jpg,shirt,oversized,none,none,none,casual,checkered,deepfashion
Polka_Dot_Chambray_Button-Down_img_00000071,Polka_Dot_Chambray_Button-Down_img_00000071.jpg,shirt,regular fit,none,none,none,casual,polka dot,deepfashion
Boxy_Plaid_Flannel_img_00000031,Boxy_Plaid_Flannel_img_00000031.jpg,shirt,boxy,none,none,none,casual,checkered,deepfashion
Rustic_Plaid_Flannel_img_00000042,Rustic_Plaid_Flannel_img_00000042.jpg,shirt,regular fit,none,none,none,casual,checkered,deepfashion
Tartan_Plaid_Button-Down_img_00000056,Tartan_Plaid_Button-Down_img_00000056.jpg,shirt,regular fit,none,none,none,casual,checkered,deepfashion
Tartan_Plaid_Button-Down_img_00000070,Tartan_Plaid_Button-Down_img_00000070.jpg,shirt,regular fit,none,none,none,casual,checkered,deepfashion
Classic_Collared_Button-Down_img_00000034,Classic_Collared_Button-Down_img_00000034.jpg,shirt,regular fit,long sleeve,collared,none,minimal,plain,deepfashion
Tartan_Plaid_Button-Down_img_00000055,Tartan_Plaid_Button-Down_img_00000055.jpg,shirt,regular fit,short sleeve,none,none,casual,checkered,deepfashion
Polka_Dot_Chambray_Button-Down_img_00000028,Polka_Dot_Chambray_Button-Down_img_00000028.jpg,shirt,regular fit,none,none,none,casual,polka dot,deepfashion
Tartan_Plaid_Button-Down_img_00000082,Tartan_Plaid_Button-Down_img_00000082.jpg,shirt,regular fit,short sleeve,none,none,casual,checkered,deepfashion
Button-Down_Plaid_Flannel_img_00000052,Button-Down_Plaid_Flannel_img_00000052.jpg,shirt,regular fit,none,none,none,casual,checkered,deepfashion
Classic_Collared_Button-Down_img_00000024,Classic_Collared_Button-Down_img_00000024.jpg,shirt,regular fit,none,collared,none,classic,plain,deepfashion
Tartan_Plaid_Button-Down_img_00000064,Tartan_Plaid_Button-Down_img_00000064.jpg,shirt,regular fit,none,none,none,casual,checkered,deepfashion
Rustic_Plaid_Flannel_img_00000041,Rustic_Plaid_Flannel_img_00000041.jpg,shirt,regular fit,long sleeve,none,none,casual,checkered,deepfashion
Rustic_Plaid_Flannel_img_00000029,Rustic_Plaid_Flannel_img_00000029.jpg,shirt,regular fit,none,none,none,casual,checkered,deepfashion
Tartan_Plaid_Button-Down_img_00000091,Tartan_Plaid_Button-Down_img_00000091.jpg,shirt,regular fit,long sleeve,none,none,casual,checkered,deepfashion
Polka_Dot_Chambray_Button-Down_img_00000056,Polka_Dot_Chambray_Button-Down_img_00000056.jpg,shirt,regular fit,none,none,none,casual,polka dot,deepfashion
Classic_Collared_Button-Down_img_00000053,Classic_Collared_Button-Down_img_00000053.jpg,shirt,regular fit,none,collared,none,classic,plain,deepfashion
Tartan_Plaid_Button-Down_img_00000077,Tartan_Plaid_Button-Down_img_00000077.jpg,shirt,regular fit,none,none,none,casual,checkered,deepfashion
Classic_Plaid_Flannel_img_00000009,Classic_Plaid_Flannel_img_00000009.jpg,shirt,regular fit,none,none,none,classic,checkered,deepfashion
Rustic_Plaid_Flannel_img_00000033,Rustic_Plaid_Flannel_img_00000033.jpg,shirt,regular fit,none,none,none,casual,checkered,deepfashion
High-Slit_Longline_Flannel_img_00000006,High-Slit_Longline_Flannel_img_00000006.jpg,shirt,regular fit,none,none,none,casual,plain,deepfashion
Boxy_Plaid_Flannel_img_00000020,Boxy_Plaid_Flannel_img_00000020.jpg,shirt,boxy,none,none,none,casual,checkered,deepfashion
Classic_Plaid_Flannel_img_00000004,Classic_Plaid_Flannel_img_00000004.jpg,shirt,regular fit,none,none,none,classic,checkered,deepfashion
Boxy_Plaid_Flannel_img_00000041,Boxy_Plaid_Flannel_img_00000041.jpg,shirt,boxy,none,none,none,casual,checkered,deepfashion
Tartan_Plaid_Button-Down_img_00000073,Tartan_Plaid_Button-Down_img_00000073.jpg,shirt,regular fit,none,none,none,casual,checkered,deepfashion
Rustic_Plaid_Flannel_img_00000020,Rustic_Plaid_Flannel_img_00000020.jpg,shirt,regular fit,none,none,none,casual,checkered,deepfashion
Tartan_Plaid_Button-Down_img_00000011,Tartan_Plaid_Button-Down_img_00000011.jpg,shirt,regular fit,none,none,none,casual,checkered,deepfashion
Button-Down_Plaid_Flannel_img_00000048,Button-Down_Plaid_Flannel_img_00000048.jpg,shirt,regular fit,long sleeve,none,none,casual,checkered,deepfashion
Polka_Dot_Chambray_Button-Down_img_00000038,Polka_Dot_Chambray_Button-Down_img_00000038.jpg,shirt,regular fit,none,none,none,casual,polka dot,deepfashion
Polka_Dot_Chambray_Button-Down_img_00000059,Polka_Dot_Chambray_Button-Down_img_00000059.jpg,shirt,regular fit,none,none,none,casual,polka dot,deepfashion
Button-Down_Plaid_Flannel_img_00000036,Button-Down_Plaid_Flannel_img_00000036.jpg,shirt,regular fit,none,none,none,casual,checkered,deepfashion
Tartan_Plaid_Button-Down_img_00000032,Tartan_Plaid_Button-Down_img_00000032.jpg,shirt,regular fit,none,none,none,casual,checkered,deepfashion
Boxy_Plaid_Flannel_img_00000021,Boxy_Plaid_Flannel_img_00000021.jpg,shirt,boxy,none,none,none,casual,checkered,deepfashion
Classic_Collared_Button-Down_img_00000078,Classic_Collared_Button-Down_img_00000078.jpg,shirt,regular fit,none,collared,none,classic,plain,deepfashion
Polka_Dot_Chambray_Button-Down_img_00000045,Polka_Dot_Chambray_Button-Down_img_00000045.jpg,shirt,regular fit,none,none,none,casual,striped,deepfashion
Polka_Dot_Chambray_Button-Down_img_00000077,Polka_Dot_Chambray_Button-Down_img_00000077.jpg,shirt,regular fit,none,none,none,casual,polka dot,deepfashion
High-Slit_Longline_Flannel_img_00000004,High-Slit_Longline_Flannel_img_00000004.jpg,shirt,regular fit,none,none,none,casual,checkered,deepfashion
Boxy_Plaid_Flannel_img_00000040,Boxy_Plaid_Flannel_img_00000040.jpg,shirt,boxy,none,none,none,casual,checkered,deepfashion
Boxy_Plaid_Flannel_img_00000054,Boxy_Plaid_Flannel_img_00000054.jpg,shirt,boxy,none,none,none,casual,checkered,deepfashion
Tartan_Plaid_Button-Down_img_00000121,Tartan_Plaid_Button-Down_img_00000121.jpg,shirt,regular fit,none,none,none,casual,checkered,deepfashion
Classic_Plaid_Flannel_img_00000025,Classic_Plaid_Flannel_img_00000025.jpg,shirt,regular fit,none,none,none,classic,checkered,deepfashion
Tartan_Plaid_Button-Down_img_00000109,Tartan_Plaid_Button-Down_img_00000109.jpg,shirt,regular fit,none,collared,none,casual,checkered,deepfashion
Classic_Plaid_Flannel_img_00000007,Classic_Plaid_Flannel_img_00000007.jpg,shirt,regular fit,none,none,none,classic,checkered,deepfashion
High-Slit_Longline_Flannel_img_00000009,High-Slit_Longline_Flannel_img_00000009.jpg,shirt,regular fit,none,none,none,casual,lace,deepfashion
Zippered_Tartan_Plaid_Flannel_img_00000009,Zippered_Tartan_Plaid_Flannel_img_00000009.jpg,shirt,regular fit,none,none,none,casual,checkered,deepfashion
Polka_Dot_Chambray_Button-Down_img_00000070,Polka_Dot_Chambray_Button-Down_img_00000070.jpg,shirt,regular fit,none,none,none,classic,polka dot,deepfashion
Rustic_Plaid_Flannel_img_00000008,Rustic_Plaid_Flannel_img_00000008.jpg,shirt,regular fit,none,none,none,casual,checkered,deepfashion
Tartan_Plaid_Button-Down_img_00000003,Tartan_Plaid_Button-Down_img_00000003.jpg,shirt,oversized,none,none,none,casual,checkered,deepfashion
High-Slit_Longline_Flannel_img_00000030,High-Slit_Longline_Flannel_img_00000030.jpg,shirt,regular fit,none,none,none,casual,checkered,deepfashion
Classic_Collared_Button-Down_img_00000010,Classic_Collared_Button-Down_img_00000010.jpg,shirt,regular fit,sleeveless,collared,none,classic,denim,deepfashion
Polka_Dot_Chambray_Button-Down_img_00000080,Polka_Dot_Chambray_Button-Down_img_00000080.jpg,shirt,regular fit,none,none,none,casual,polka dot,deepfashion
Classic_Collared_Button-Down_img_00000091,Classic_Collared_Button-Down_img_00000091.jpg,shirt,regular fit,none,collared,none,classic,plain,deepfashion
Button-Down_Plaid_Flannel_img_00000051,Button-Down_Plaid_Flannel_img_00000051.jpg,shirt,regular fit,none,none,none,casual,checkered,deepfashion
Classic_Collared_Button-Down_img_00000094,Classic_Collared_Button-Down_img_00000094.jpg,shirt,regular fit,short sleeve,collared,none,classic,plain,deepfashion
Polka_Dot_Chambray_Button-Down_img_00000058,Polka_Dot_Chambray_Button-Down_img_00000058.jpg,shirt,regular fit,none,none,none,casual,polka dot,deepfashion
Rustic_Plaid_Flannel_img_00000032,Rustic_Plaid_Flannel_img_00000032.jpg,shirt,regular fit,none,none,none,casual,checkered,deepfashion
Classic_Collared_Button-Down_img_00000027,Classic_Collared_Button-Down_img_00000027.jpg,shirt,regular fit,sleeveless,collared,none,classic,plain,deepfashion
Tartan_Plaid_Button-Down_img_00000031,Tartan_Plaid_Button-Down_img_00000031.jpg,shirt,regular fit,long sleeve,none,none,casual,checkered,deepfashion
Rustic_Plaid_Flannel_img_00000003,Rustic_Plaid_Flannel_img_00000003.jpg,shirt,regular fit,none,none,none,casual,checkered,deepfashion
Boxy_Plaid_Flannel_img_00000006,Boxy_Plaid_Flannel_img_00000006.jpg,shirt,boxy,none,none,none,casual,checkered,deepfashion
Classic_Collared_Button-Down_img_00000090,Classic_Collared_Button-Down_img_00000090.jpg,shirt,regular fit,none,collared,none,classic,plain,deepfashion
Classic_Collared_Button-Down_img_00000071,Classic_Collared_Button-Down_img_00000071.jpg,shirt,regular fit,none,collared,none,classic,plain,deepfashion
Tartan_Plaid_Button-Down_img_00000045,Tartan_Plaid_Button-Down_img_00000045.jpg,shirt,regular fit,none,none,none,casual,checkered,deepfashion
Classic_Collared_Button-Down_img_00000060,Classic_Collared_Button-Down_img_00000060.jpg,shirt,regular fit,none,collared,none,classic,plain,deepfashion
Zippered_Tartan_Plaid_Flannel_img_00000027,Zippered_Tartan_Plaid_Flannel_img_00000027.jpg,shirt,regular fit,long sleeve,none,none,casual,checkered,deepfashion
Classic_Collared_Button-Down_img_00000037,Classic_Collared_Button-Down_img_00000037.jpg,shirt,regular fit,none,collared,none,classic,plain,deepfashion
Zippered_Tartan_Plaid_Flannel_img_00000040,Zippered_Tartan_Plaid_Flannel_img_00000040.jpg,shirt,oversized,none,none,none,casual,checkered,deepfashion
Button-Down_Plaid_Flannel_img_00000058,Button-Down_Plaid_Flannel_img_00000058.jpg,shirt,regular fit,none,none,none,casual,checkered,deepfashion
Zippered_Tartan_Plaid_Flannel_img_00000014,Zippered_Tartan_Plaid_Flannel_img_00000014.jpg,shirt,regular fit,none,none,none,casual,checkered,deepfashion
Polka_Dot_Chambray_Button-Down_img_00000040,Polka_Dot_Chambray_Button-Down_img_00000040.jpg,shirt,regular fit,none,none,none,classic,polka dot,deepfashion
Tartan_Plaid_Button-Down_img_00000066,Tartan_Plaid_Button-Down_img_00000066.jpg,shirt,regular fit,none,none,none,casual,checkered,deepfashion
Boxy_Plaid_Flannel_img_00000024,Boxy_Plaid_Flannel_img_00000024.jpg,shirt,boxy,none,none,none,classic,checkered,deepfashion
Tartan_Plaid_Button-Down_img_00000050,Tartan_Plaid_Button-Down_img_00000050.jpg,shirt,regular fit,none,none,none,casual,checkered,deepfashion
Polka_Dot_Chambray_Button-Down_img_00000016,Polka_Dot_Chambray_Button-Down_img_00000016.jpg,shirt,regular fit,none,none,none,casual,polka dot,deepfashion
Polka_Dot_Chambray_Button-Down_img_00000073,Polka_Dot_Chambray_Button-Down_img_00000073.jpg,shirt,regular fit,none,none,none,classic,polka dot,deepfashion
Tartan_Plaid_Button-Down_img_00000040,Tartan_Plaid_Button-Down_img_00000040.jpg,shirt,regular fit,none,none,none,casual,checkered,deepfashion
Polka_Dot_Chambray_Button-Down_img_00000107,Polka_Dot_Chambray_Button-Down_img_00000107.jpg,shirt,regular fit,none,none,none,casual,polka dot,deepfashion
Classic_Collared_Button-Down_img_00000042,Classic_Collared_Button-Down_img_00000042.jpg,shirt,regular fit,none,collared,none,classic,plain,deepfashion
Tartan_Plaid_Button-Down_img_00000007,Tartan_Plaid_Button-Down_img_00000007.jpg,shirt,regular fit,short sleeve,none,none,casual,checkered,deepfashion
Classic_Collared_Button-Down_img_00000012,Classic_Collared_Button-Down_img_00000012.jpg,shirt,regular fit,none,collared,none,classic,plain,deepfashion
Polka_Dot_Chambray_Button-Down_img_00000091,Polka_Dot_Chambray_Button-Down_img_00000091.jpg,shirt,regular fit,none,none,none,casual,polka dot,deepfashion
Classic_Collared_Button-Down_img_00000061,Classic_Collared_Button-Down_img_00000061.jpg,shirt,regular fit,sleeveless,collared,none,classic,plain,deepfashion
High-Slit_Longline_Flannel_img_00000037,High-Slit_Longline_Flannel_img_00000037.jpg,shirt,regular fit,none,none,none,casual,plain,deepfashion
Tartan_Plaid_Button-Down_img_00000119,Tartan_Plaid_Button-Down_img_00000119.jpg,shirt,regular fit,none,none,none,casual,checkered,deepfashion
Polka_Dot_Chambray_Button-Down_img_00000100,Polka_Dot_Chambray_Button-Down_img_00000100.jpg,shirt,regular fit,none,none,none,casual,polka dot,deepfashion
Boxy_Plaid_Flannel_img_00000025,Boxy_Plaid_Flannel_img_00000025.jpg,shirt,boxy,none,none,none,classic,checkered,deepfashion
Tartan_Plaid_Button-Down_img_00000087,Tartan_Plaid_Button-Down_img_00000087.jpg,shirt,regular fit,none,none,none,casual,checkered,deepfashion
High-Slit_Longline_Flannel_img_00000016,High-Slit_Longline_Flannel_img_00000016.jpg,shirt,regular fit,none,none,none,casual,plain,deepfashion
Polka_Dot_Chambray_Button-Down_img_00000052,Polka_Dot_Chambray_Button-Down_img_00000052.jpg,shirt,regular fit,none,collared,none,casual,polka dot,deepfashion
High-Slit_Longline_Flannel_img_00000038,High-Slit_Longline_Flannel_img_00000038.jpg,shirt,regular fit,none,none,none,casual,plain,deepfashion
Button-Down_Plaid_Flannel_img_00000054,Button-Down_Plaid_Flannel_img_00000054.jpg,shirt,regular fit,none,none,none,casual,checkered,deepfashion
Polka_Dot_Chambray_Button-Down_img_00000001,Polka_Dot_Chambray_Button-Down_img_00000001.jpg,shirt,regular fit,none,none,none,casual,polka dot,deepfashion
Tartan_Plaid_Button-Down_img_00000042,Tartan_Plaid_Button-Down_img_00000042.jpg,shirt,regular fit,none,none,none,casual,checkered,deepfashion
Tartan_Plaid_Button-Down_img_00000102,Tartan_Plaid_Button-Down_img_00000102.jpg,shirt,regular fit,none,none,none,casual,checkered,deepfashion
Classic_Collared_Button-Down_img_00000087,Classic_Collared_Button-Down_img_00000087.jpg,shirt,regular fit,none,collared,none,classic,plain,deepfashion
Tartan_Plaid_Button-Down_img_00000057,Tartan_Plaid_Button-Down_img_00000057.jpg,shirt,regular fit,none,none,none,casual,checkered,deepfashion
Tartan_Plaid_Button-Down_img_00000110,Tartan_Plaid_Button-Down_img_00000110.jpg,shirt,regular fit,none,none,none,casual,checkered,deepfashion
Button-Down_Plaid_Flannel_img_00000053,Button-Down_Plaid_Flannel_img_00000053.jpg,shirt,regular fit,none,none,none,casual,checkered,deepfashion
Polka_Dot_Chambray_Button-Down_img_00000055,Polka_Dot_Chambray_Button-Down_img_00000055.jpg,shirt,regular fit,none,none,none,casual,polka dot,deepfashion
Polka_Dot_Chambray_Button-Down_img_00000110,Polka_Dot_Chambray_Button-Down_img_00000110.jpg,shirt,regular fit,none,none,none,casual,polka dot,deepfashion
Classic_Collared_Button-Down_img_00000088,Classic_Collared_Button-Down_img_00000088.jpg,shirt,regular fit,none,collared,none,classic,plain,deepfashion
Classic_Collared_Button-Down_img_00000011,Classic_Collared_Button-Down_img_00000011.jpg,shirt,regular fit,none,collared,none,classic,denim,deepfashion
Tartan_Plaid_Button-Down_img_00000025,Tartan_Plaid_Button-Down_img_00000025.jpg,shirt,regular fit,none,none,none,casual,checkered,deepfashion
Rustic_Plaid_Flannel_img_00000014,Rustic_Plaid_Flannel_img_00000014.jpg,shirt,regular fit,none,none,none,casual,checkered,deepfashion
Rustic_Plaid_Flannel_img_00000021,Rustic_Plaid_Flannel_img_00000021.jpg,shirt,regular fit,none,none,none,casual,checkered,deepfashion
Zippered_Tartan_Plaid_Flannel_img_00000043,Zippered_Tartan_Plaid_Flannel_img_00000043.jpg,shirt,regular fit,long sleeve,none,none,casual,checkered,deepfashion
Polka_Dot_Chambray_Button-Down_img_00000085,Polka_Dot_Chambray_Button-Down_img_00000085.jpg,shirt,regular fit,none,none,none,casual,polka dot,deepfashion
Tartan_Plaid_Button-Down_img_00000111,Tartan_Plaid_Button-Down_img_00000111.jpg,shirt,regular fit,none,none,none,casual,checkered,deepfashion
Tartan_Plaid_Button-Down_img_00000083,Tartan_Plaid_Button-Down_img_00000083.jpg,shirt,regular fit,none,none,none,casual,checkered,deepfashion
Classic_Plaid_Flannel_img_00000027,Classic_Plaid_Flannel_img_00000027.jpg,shirt,regular fit,none,none,none,classic,checkered,deepfashion
Zippered_Tartan_Plaid_Flannel_img_00000034,Zippered_Tartan_Plaid_Flannel_img_00000034.jpg,shirt,regular fit,none,none,none,casual,checkered,deepfashion
Tartan_Plaid_Button-Down_img_00000078,Tartan_Plaid_Button-Down_img_00000078.jpg,shirt,regular fit,none,none,none,casual,checkered,deepfashion
Zippered_Tartan_Plaid_Flannel_img_00000053,Zippered_Tartan_Plaid_Flannel_img_00000053.jpg,shirt,regular fit,none,none,none,casual,checkered,deepfashion
Tartan_Plaid_Button-Down_img_00000071,Tartan_Plaid_Button-Down_img_00000071.jpg,shirt,regular fit,long sleeve,none,none,casual,checkered,deepfashion
Rustic_Plaid_Flannel_img_00000001,Rustic_Plaid_Flannel_img_00000001.jpg,shirt,regular fit,none,none,none,casual,checkered,deepfashion
Boxy_Plaid_Flannel_img_00000023,Boxy_Plaid_Flannel_img_00000023.jpg,shirt,boxy,none,collared,none,casual,checkered,deepfashion
Zippered_Tartan_Plaid_Flannel_img_00000055,Zippered_Tartan_Plaid_Flannel_img_00000055.jpg,shirt,oversized,none,none,none,casual,checkered,deepfashion
Space_Dye_Waist_Running_Shorts_img_00000019,Space_Dye_Waist_Running_Shorts_img_00000019.jpg,shorts,regular fit,none,none,none,casual,plain,deepfashion
High-Waisted_Woven_Shorts_img_00000042,High-Waisted_Woven_Shorts_img_00000042.jpg,shorts,regular fit,none,none,none,casual,plain,deepfashion
Floral_Print_Crochet_Hem_Shorts_img_00000015,Floral_Print_Crochet_Hem_Shorts_img_00000015.jpg,shorts,regular fit,none,none,none,casual,floral,deepfashion
Mixed_Stripe_Shorts_img_00000021,Mixed_Stripe_Shorts_img_00000021.jpg,shorts,regular fit,none,none,none,casual,striped,deepfashion
Cutoff_Sweat_Shorts_img_00000062,Cutoff_Sweat_Shorts_img_00000062.jpg,shorts,regular fit,none,none,none,casual,plain,deepfashion
Cinched-Side_Denim_Cutoffs_img_00000018,Cinched-Side_Denim_Cutoffs_img_00000018.jpg,shorts,regular fit,none,none,none,casual,denim,deepfashion
Ombre_Denim_Shorts_img_00000047,Ombre_Denim_Shorts_img_00000047.jpg,shorts,regular fit,none,none,none,casual,denim,deepfashion
By_The_Sea_Matelot_Shorts_img_00000018,By_The_Sea_Matelot_Shorts_img_00000018.jpg,shorts,regular fit,none,none,none,casual,striped,deepfashion
French_Terry_Drawstring_Shorts_img_00000043,French_Terry_Drawstring_Shorts_img_00000043.jpg,shorts,regular fit,none,none,none,casual,plain,deepfashion
Polka_Dot_Swim_Trunks_img_00000049,Polka_Dot_Swim_Trunks_img_00000049.jpg,shorts,regular fit,none,none,none,casual,polka dot,deepfashion
Tropical_Print_Chino_Shorts_img_00000014,Tropical_Print_Chino_Shorts_img_00000014.jpg,shorts,regular fit,none,none,none,casual,graphic print,deepfashion
Lace-Hem_Floral_PJ_Shorts_img_00000006,Lace-Hem_Floral_PJ_Shorts_img_00000006.jpg,shorts,regular fit,none,none,none,casual,floral,deepfashion
Heart_Print_Denim_Shorts_img_00000038,Heart_Print_Denim_Shorts_img_00000038.jpg,shorts,regular fit,none,none,none,casual,denim,deepfashion
Belted_Stripe_Print_Shorts_img_00000022,Belted_Stripe_Print_Shorts_img_00000022.jpg,shorts,regular fit,none,none,none,casual,striped,deepfashion
Ombre_Denim_Shorts_img_00000036,Ombre_Denim_Shorts_img_00000036.jpg,shorts,regular fit,none,none,none,casual,denim,deepfashion
Cotton_&_Linen_Pleated_Shorts_img_00000033,Cotton_&_Linen_Pleated_Shorts_img_00000033.jpg,shorts,regular fit,none,none,none,casual,plain,deepfashion
Textured_Baroque_Floral_Shorts_img_00000025,Textured_Baroque_Floral_Shorts_img_00000025.jpg,shorts,regular fit,none,none,none,casual,floral,deepfashion
Mineral_Wash_Denim_Shorts_img_00000037,Mineral_Wash_Denim_Shorts_img_00000037.jpg,shorts,regular fit,none,none,none,casual,denim,deepfashion
Houndstooth_Plaid_Shorts_img_00000018,Houndstooth_Plaid_Shorts_img_00000018.jpg,shorts,regular fit,none,none,none,casual,checkered,deepfashion
Zippered_Faux_Leather_Shorts_img_00000051,Zippered_Faux_Leather_Shorts_img_00000051.jpg,shorts,regular fit,none,none,none,casual,plain,deepfashion
Topstitched_Denim_Shorts_img_00000002,Topstitched_Denim_Shorts_img_00000002.jpg,shorts,regular fit,none,none,none,casual,denim,deepfashion
High-Waisted_Plaid_Shorts_img_00000081,High-Waisted_Plaid_Shorts_img_00000081.jpg,shorts,regular fit,none,none,none,casual,checkered,deepfashion
Flat-Front_Shorts_img_00000064,Flat-Front_Shorts_img_00000064.jpg,shorts,regular fit,none,none,none,casual,plain,deepfashion
Crochet_Denim_Cutoffs_img_00000004,Crochet_Denim_Cutoffs_img_00000004.jpg,shorts,regular fit,none,none,none,casual,denim,deepfashion
Baroque_Print_Drawstring_Shorts_img_00000001,Baroque_Print_Drawstring_Shorts_img_00000001.jpg,shorts,regular fit,none,none,none,casual,plain,deepfashion
Linen_Chambray_Shorts_img_00000042,Linen_Chambray_Shorts_img_00000042.jpg,shorts,regular fit,none,none,none,casual,denim,deepfashion
Elephant_Print_Drawstring_Shorts_img_00000023,Elephant_Print_Drawstring_Shorts_img_00000023.jpg,shorts,regular fit,none,none,none,casual,animal print,deepfashion
Classic_Boy_Shorts_img_00000030,Classic_Boy_Shorts_img_00000030.jpg,shorts,regular fit,none,none,none,classic,plain,deepfashion
Antiqued_Floral_Denim_Shorts_img_00000045,Antiqued_Floral_Denim_Shorts_img_00000045.jpg,shorts,regular fit,none,none,none,casual,denim,deepfashion
Metallic_Tribal-Inspired_Shorts_img_00000027,Metallic_Tribal-Inspired_Shorts_img_00000027.jpg,shorts,regular fit,none,none,none,casual,plain,deepfashion
LEEF_PARIS_Lightning_Graphic_Drawstring_Shorts_img_00000010,LEEF_PARIS_Lightning_Graphic_Drawstring_Shorts_img_00000010.jpg,shorts,regular fit,none,none,none,casual,plain,deepfashion
Belted_Linen-Blend_Shorts_img_00000009,Belted_Linen-Blend_Shorts_img_00000009.jpg,shorts,regular fit,none,none,none,casual,plain,deepfashion
Belted_High-Waisted_Shorts_img_00000029,Belted_High-Waisted_Shorts_img_00000029.jpg,shorts,regular fit,none,none,none,casual,plain,deepfashion
Abstract_Ikat_Print_Shorts_img_00000006,Abstract_Ikat_Print_Shorts_img_00000006.jpg,shorts,regular fit,none,none,none,casual,abstract,deepfashion
Pleated_High-Waisted_Shorts_img_00000006,Pleated_High-Waisted_Shorts_img_00000006.jpg,shorts,regular fit,none,none,none,casual,plain,deepfashion
Striped_Sailor_Shorts_img_00000008,Striped_Sailor_Shorts_img_00000008.jpg,shorts,regular fit,none,none,none,casual,striped,deepfashion
Life_in_Progress_Patched_Cutoffs_img_00000012,Life_in_Progress_Patched_Cutoffs_img_00000012.jpg,shorts,regular fit,none,none,none,casual,plain,deepfashion
Crochet_Drawstring_Shorts_img_00000016,Crochet_Drawstring_Shorts_img_00000016.jpg,shorts,regular fit,none,none,none,casual,lace,deepfashion
Distressed_Denim_Faded_Cutoffs_img_00000010,Distressed_Denim_Faded_Cutoffs_img_00000010.jpg,shorts,regular fit,none,none,none,casual,denim,deepfashion
Safari_Animal_Print_Shorts_img_00000039,Safari_Animal_Print_Shorts_img_00000039.jpg,shorts,regular fit,none,none,none,casual,animal print,deepfashion
Lace-Hemmed_Denim_Cutoffs_img_00000016,Lace-Hemmed_Denim_Cutoffs_img_00000016.jpg,shorts,regular fit,none,none,none,casual,denim,deepfashion
Micro-Striped_Trouser_Shorts_img_00000026,Micro-Striped_Trouser_Shorts_img_00000026.jpg,shorts,regular fit,none,none,none,casual,striped,deepfashion
EPTM._Layered_Side-Zip_Sweatshorts_img_00000007,EPTM._Layered_Side-Zip_Sweatshorts_img_00000007.jpg,shorts,regular fit,none,none,none,casual,plain,deepfashion
Cinched_Training_Shorts_img_00000006,Cinched_Training_Shorts_img_00000006.jpg,shorts,regular fit,none,none,none,casual,plain,deepfashion
Distressed_Bleach_Wash_Cutoffs_img_00000017,Distressed_Bleach_Wash_Cutoffs_img_00000017.jpg,shorts,regular fit,none,none,none,casual,denim,deepfashion
Colorblock_High_Performance_Shorts_img_00000027,Colorblock_High_Performance_Shorts_img_00000027.jpg,shorts,regular fit,none,none,none,casual,plain,deepfashion
Pleated_Floral_Print_Shorts_img_00000036,Pleated_Floral_Print_Shorts_img_00000036.jpg,shorts,regular fit,none,none,none,casual,floral,deepfashion
Tribal_Print_Shorts_img_00000033,Tribal_Print_Shorts_img_00000033.jpg,shorts,regular fit,none,none,none,casual,graphic print,deepfashion
Daisy_Print_Shorts_img_00000052,Daisy_Print_Shorts_img_00000052.jpg,shorts,regular fit,none,none,none,casual,graphic print,deepfashion
Tartan_Plaid_PJ_Shorts_img_00000017,Tartan_Plaid_PJ_Shorts_img_00000017.jpg,shorts,regular fit,none,none,none,casual,checkered,deepfashion
Mesh-Paneled_Colorblock_Workout_Shorts_img_00000010,Mesh-Paneled_Colorblock_Workout_Shorts_img_00000010.jpg,shorts,regular fit,none,none,none,sporty,plain,deepfashion
Rose_Print_Shorts_img_00000037,Rose_Print_Shorts_img_00000037.jpg,shorts,regular fit,none,none,none,casual,floral,deepfashion
Performance_Shorts_img_00000025,Performance_Shorts_img_00000025.jpg,shorts,regular fit,none,none,none,casual,plain,deepfashion
Distressed_Acid_Wash_Shorts_img_00000026,Distressed_Acid_Wash_Shorts_img_00000026.jpg,shorts,regular fit,none,none,none,casual,denim,deepfashion
Zipper-Front_Shorts_img_00000050,Zipper-Front_Shorts_img_00000050.jpg,shorts,regular fit,none,none,none,casual,plain,deepfashion
Pleated_Pinstripe_Shorts_img_00000016,Pleated_Pinstripe_Shorts_img_00000016.jpg,shorts,regular fit,none,none,none,casual,striped,deepfashion
Colorblock_Woven_Running_Shorts_img_00000022,Colorblock_Woven_Running_Shorts_img_00000022.jpg,shorts,regular fit,none,none,none,casual,plain,deepfashion
High_Waist_Striped_Shorts_img_00000017,High_Waist_Striped_Shorts_img_00000017.jpg,shorts,regular fit,none,none,none,casual,striped,deepfashion
Reverse_Abstract_Print_Sweatshorts_img_00000009,Reverse_Abstract_Print_Sweatshorts_img_00000009.jpg,shorts,regular fit,none,none,none,casual,abstract,deepfashion
Classic_Boy_Shorts_img_00000069,Classic_Boy_Shorts_img_00000069.jpg,shorts,regular fit,none,none,none,classic,plain,deepfashion
Belted_Chambray_Shorts_img_00000041,Belted_Chambray_Shorts_img_00000041.jpg,shorts,regular fit,none,none,none,casual,plain,deepfashion
Floral_Print_Crochet_Hem_Shorts_img_00000022,Floral_Print_Crochet_Hem_Shorts_img_00000022.jpg,shorts,regular fit,none,none,none,casual,floral,deepfashion
Cuffed_Denim_Cutoffs_img_00000053,Cuffed_Denim_Cutoffs_img_00000053.jpg,shorts,regular fit,none,none,none,casual,denim,deepfashion
Embroidered-Front_Woven_Shorts_img_00000003,Embroidered-Front_Woven_Shorts_img_00000003.jpg,shorts,regular fit,none,none,none,casual,embroidered,deepfashion
High-Waisted_Knit_Shorts_img_00000055,High-Waisted_Knit_Shorts_img_00000055.jpg,shorts,regular fit,none,none,none,casual,textured,deepfashion
Miami_Heat_Athletic_Shorts_img_00000019,Miami_Heat_Athletic_Shorts_img_00000019.jpg,shorts,regular fit,none,none,none,sporty,plain,deepfashion
Smocked_Ruffle-Trim_Shorts_img_00000001,Smocked_Ruffle-Trim_Shorts_img_00000001.jpg,shorts,regular fit,none,none,none,casual,plain,deepfashion
Lace-Trimmed_Floral_Shorts_img_00000016,Lace-Trimmed_Floral_Shorts_img_00000016.jpg,shorts,regular fit,none,none,none,casual,floral,deepfashion
Rose_Print_High-Waisted_Shorts_img_00000009,Rose_Print_High-Waisted_Shorts_img_00000009.jpg,shorts,regular fit,none,none,none,casual,graphic print,deepfashion
Denim_Daze_Ripped_Shorts_img_00000023,Denim_Daze_Ripped_Shorts_img_00000023.jpg,shorts,regular fit,none,none,none,casual,denim,deepfashion
By_The_Sea_Matelot_Shorts_img_00000010,By_The_Sea_Matelot_Shorts_img_00000010.jpg,shorts,regular fit,none,none,none,casual,plain,deepfashion
Paisley_Print_Shorts_img_00000015,Paisley_Print_Shorts_img_00000015.jpg,shorts,regular fit,none,none,none,casual,paisley,deepfashion
Tassel-Trimmed_Shorts_img_00000034,Tassel-Trimmed_Shorts_img_00000034.jpg,shorts,regular fit,none,none,none,casual,graphic print,deepfashion
Textured_Geo-Striped_Cuffed_Sweatshorts_img_00000002,Textured_Geo-Striped_Cuffed_Sweatshorts_img_00000002.jpg,shorts,regular fit,none,none,none,casual,striped,deepfashion
Pleated_Linen-Blend_Shorts_img_00000003,Pleated_Linen-Blend_Shorts_img_00000003.jpg,shorts,regular fit,none,none,none,casual,plain,deepfashion
Cotton_Canvas_Shorts_img_00000002,Cotton_Canvas_Shorts_img_00000002.jpg,shorts,regular fit,none,none,none,casual,plain,deepfashion
Striped_Cotton_Shorts_img_00000030,Striped_Cotton_Shorts_img_00000030.jpg,shorts,regular fit,none,none,none,casual,striped,deepfashion
Frayed_Denim_Shorts_img_00000040,Frayed_Denim_Shorts_img_00000040.jpg,shorts,regular fit,none,none,none,casual,denim,deepfashion
Floral-Embroidered_Shorts_img_00000052,Floral-Embroidered_Shorts_img_00000052.jpg,shorts,regular fit,none,none,none,casual,floral,deepfashion
Cuffed_High-Waist_Shorts_img_00000043,Cuffed_High-Waist_Shorts_img_00000043.jpg,shorts,regular fit,none,none,none,casual,denim,deepfashion
Two-Tone_Sweatshorts_img_00000024,Two-Tone_Sweatshorts_img_00000024.jpg,shorts,regular fit,none,none,none,casual,plain,deepfashion
Button_Fly_Denim_Shorts_img_00000002,Button_Fly_Denim_Shorts_img_00000002.jpg,shorts,regular fit,none,none,none,casual,denim,deepfashion
LEEF_PARIS_Holographic-Striped_Drawstring_Shorts_img_00000004,LEEF_PARIS_Holographic-Striped_Drawstring_Shorts_img_00000004.jpg,shorts,regular fit,none,none,none,casual,striped,deepfashion
Ombre_Denim_Shorts_img_00000074,Ombre_Denim_Shorts_img_00000074.jpg,shorts,regular fit,none,none,none,casual,denim,deepfashion
Buttoned_Nautical_Stripe_Shorts_img_00000031,Buttoned_Nautical_Stripe_Shorts_img_00000031.jpg,shorts,regular fit,none,none,none,casual,striped,deepfashion
Kangaroo_Pocket_Drawstring_Shorts_img_00000029,Kangaroo_Pocket_Drawstring_Shorts_img_00000029.jpg,shorts,regular fit,none,none,none,casual,plain,deepfashion
Heathered_Colorblock_Performance_Shorts_img_00000006,Heathered_Colorblock_Performance_Shorts_img_00000006.jpg,shorts,regular fit,none,none,none,sporty,plain,deepfashion
Classic_Crepe_Shorts_img_00000020,Classic_Crepe_Shorts_img_00000020.jpg,shorts,regular fit,none,none,none,classic,plain,deepfashion
Textured_Geo-Striped_Cuffed_Sweatshorts_img_00000011,Textured_Geo-Striped_Cuffed_Sweatshorts_img_00000011.jpg,shorts,regular fit,none,none,none,casual,striped,deepfashion
L.A.T.H.C._Graphic_Drawstring_Shorts_img_00000006,L.A.T.H.C._Graphic_Drawstring_Shorts_img_00000006.jpg,shorts,regular fit,none,none,none,casual,plain,deepfashion
Palm_Tree_Print_Shorts_img_00000036,Palm_Tree_Print_Shorts_img_00000036.jpg,shorts,regular fit,none,none,none,casual,graphic print,deepfashion
French_Terry_Drawstring_Shorts_img_00000037,French_Terry_Drawstring_Shorts_img_00000037.jpg,shorts,regular fit,none,none,none,casual,plain,deepfashion
Woven_Running_Shorts_img_00000017,Woven_Running_Shorts_img_00000017.jpg,shorts,regular fit,none,none,none,casual,plain,deepfashion
Layered_Running_Shorts_img_00000002,Layered_Running_Shorts_img_00000002.jpg,shorts,regular fit,none,none,none,casual,plain,deepfashion
Abstract_Geo-Embroidered_Shorts_img_00000029,Abstract_Geo-Embroidered_Shorts_img_00000029.jpg,shorts,regular fit,none,none,none,casual,abstract,deepfashion
Abstract_Print-Trimmed_Shorts_img_00000029,Abstract_Print-Trimmed_Shorts_img_00000029.jpg,shorts,regular fit,none,none,none,casual,abstract,deepfashion
Textured_Flat-Front_Shorts_img_00000022,Textured_Flat-Front_Shorts_img_00000022.jpg,shorts,regular fit,none,none,none,casual,textured,deepfashion
Butterfly_Print_PJ_Shorts_img_00000056,Butterfly_Print_PJ_Shorts_img_00000056.jpg,shorts,regular fit,none,none,none,casual,graphic print,deepfashion
Lace-Hemmed_Denim_Cutoffs_img_00000028,Lace-Hemmed_Denim_Cutoffs_img_00000028.jpg,shorts,regular fit,none,none,none,casual,denim,deepfashion
High-Waisted_Denim_Shorts_img_00000026,High-Waisted_Denim_Shorts_img_00000026.jpg,shorts,regular fit,none,none,none,casual,denim,deepfashion
Zippered_Sweatshorts_img_00000020,Zippered_Sweatshorts_img_00000020.jpg,shorts,regular fit,none,none,none,casual,graphic print,deepfashion
Mineral_Wash_Cutoffs_img_00000007,Mineral_Wash_Cutoffs_img_00000007.jpg,shorts,regular fit,none,none,none,classic,denim,deepfashion
Darling_Dots_Denim_Shorts_img_00000017,Darling_Dots_Denim_Shorts_img_00000017.jpg,shorts,regular fit,none,none,none,casual,denim,deepfashion
Heathered_High-Waisted_Shorts_img_00000019,Heathered_High-Waisted_Shorts_img_00000019.jpg,shorts,regular fit,none,none,none,casual,plain,deepfashion
Tribal_Print_Crepe_Shorts_img_00000016,Tribal_Print_Crepe_Shorts_img_00000016.jpg,shorts,regular fit,none,none,none,casual,graphic print,deepfashion
Butterfly_Print_PJ_Shorts_img_00000061,Butterfly_Print_PJ_Shorts_img_00000061.jpg,shorts,regular fit,none,none,none,casual,floral,deepfashion
Space_Dye_Shorts_img_00000032,Space_Dye_Shorts_img_00000032.jpg,shorts,regular fit,none,none,none,casual,plain,deepfashion
Giraffe_Print_Shorts_img_00000029,Giraffe_Print_Shorts_img_00000029.jpg,shorts,regular fit,none,none,none,casual,animal print,deepfashion
Distressed_Paint-Flecked_Denim_Shorts_img_00000020,Distressed_Paint-Flecked_Denim_Shorts_img_00000020.jpg,shorts,regular fit,none,none,none,casual,denim,deepfashion
Smocked_Floral_Print_Shorts_img_00000020,Smocked_Floral_Print_Shorts_img_00000020.jpg,shorts,regular fit,none,none,none,casual,floral,deepfashion
Crochet-Trimmed_Daisy_Print_Shorts_img_00000015,Crochet-Trimmed_Daisy_Print_Shorts_img_00000015.jpg,shorts,regular fit,none,none,none,casual,graphic print,deepfashion
Cotton_&_Linen_Pleated_Shorts_img_00000022,Cotton_&_Linen_Pleated_Shorts_img_00000022.jpg,shorts,regular fit,none,none,none,casual,plain,deepfashion
Reverse_Abstract_Print_Sweatshorts_img_00000010,Reverse_Abstract_Print_Sweatshorts_img_00000010.jpg,shorts,regular fit,none,none,none,casual,abstract,deepfashion
Crochet_Daisy-Paneled_Cutoffs_img_00000006,Crochet_Daisy-Paneled_Cutoffs_img_00000006.jpg,shorts,regular fit,none,none,none,casual,plain,deepfashion
Buttoned_Distressed_Denim_Cutoffs_img_00000032,Buttoned_Distressed_Denim_Cutoffs_img_00000032.jpg,shorts,regular fit,none,none,none,casual,denim,deepfashion
Distressed_Cloud_Wash_Cutoffs_img_00000017,Distressed_Cloud_Wash_Cutoffs_img_00000017.jpg,shorts,regular fit,none,none,none,casual,plain,deepfashion
Distressed_Paint-Flecked_Denim_Shorts_img_00000008,Distressed_Paint-Flecked_Denim_Shorts_img_00000008.jpg,shorts,regular fit,none,none,none,casual,denim,deepfashion
Chambray_Dolphin_Shorts_img_00000032,Chambray_Dolphin_Shorts_img_00000032.jpg,shorts,regular fit,none,none,none,casual,plain,deepfashion
Polka_Dot_Denim_Shorts_img_00000035,Polka_Dot_Denim_Shorts_img_00000035.jpg,shorts,regular fit,none,none,none,casual,denim,deepfashion
Genuine_Suede_Shorts_img_00000017,Genuine_Suede_Shorts_img_00000017.jpg,shorts,regular fit,none,none,none,casual,plain,deepfashion
Sequined_Tweed_Skirt_img_00000003,Sequined_Tweed_Skirt_img_00000003.jpg,skirt,straight,none,none,none,casual,plain,deepfashion
Lace_A-Line_Skirt_img_00000007,Lace_A-Line_Skirt_img_00000007.jpg,skirt,a-line,none,none,none,casual,lace,deepfashion
Scuba_Knit_Mini_Skirt_img_00000009,Scuba_Knit_Mini_Skirt_img_00000009.jpg,skirt,mini,none,none,none,casual,textured,deepfashion
Frond_Print_Pencil_Skirt_img_00000032,Frond_Print_Pencil_Skirt_img_00000032.jpg,skirt,straight,none,none,beige,casual,plain,deepfashion
Floral_Print_A-Line_Skirt_img_00000047,Floral_Print_A-Line_Skirt_img_00000047.jpg,skirt,a-line,none,none,none,casual,floral,deepfashion
Crepe_Pencil_Skirt_img_00000004,Crepe_Pencil_Skirt_img_00000004.jpg,skirt,straight,none,none,none,casual,plain,deepfashion
Striped_Pleated_Skirt_img_00000001,Striped_Pleated_Skirt_img_00000001.jpg,skirt,pleated,none,none,none,casual,striped,deepfashion
Stripe_Pencil_Skirt_img_00000008,Stripe_Pencil_Skirt_img_00000008.jpg,skirt,straight,none,none,none,casual,striped,deepfashion
Speckled_Pencil_Skirt_img_00000007,Speckled_Pencil_Skirt_img_00000007.jpg,skirt,straight,none,none,none,casual,plain,deepfashion
Floral-Embroidered_Faux_Leather_Skirt_img_00000023,Floral-Embroidered_Faux_Leather_Skirt_img_00000023.jpg,skirt,straight,none,none,none,casual,floral,deepfashion
Textured_Midi_Skirt_img_00000025,Textured_Midi_Skirt_img_00000025.jpg,skirt,midi,none,none,none,casual,striped,deepfashion
Denim_A-Line_Skirt_img_00000047,Denim_A-Line_Skirt_img_00000047.jpg,skirt,a-line,none,none,none,casual,denim,deepfashion
Floral_Lace_A-Line_Skirt_img_00000013,Floral_Lace_A-Line_Skirt_img_00000013.jpg,skirt,a-line,none,none,none,casual,floral,deepfashion
Contrast_Mesh_Pencil_Skirt_img_00000029,Contrast_Mesh_Pencil_Skirt_img_00000029.jpg,skirt,straight,none,none,none,casual,plain,deepfashion
Abstract_Print_Maxi_Skirt_img_00000012,Abstract_Print_Maxi_Skirt_img_00000012.jpg,skirt,maxi,none,none,none,casual,abstract,deepfashion
Floral_Lace_Pencil_Skirt_img_00000016,Floral_Lace_Pencil_Skirt_img_00000016.jpg,skirt,straight,none,none,none,casual,floral,deepfashion
Cable-Knit_Pencil_Skirt_img_00000067,Cable-Knit_Pencil_Skirt_img_00000067.jpg,skirt,straight,none,none,none,casual,textured,deepfashion
Sequined_Chevron-Pattern_Skirt_img_00000017,Sequined_Chevron-Pattern_Skirt_img_00000017.jpg,skirt,mini,none,none,none,casual,graphic print,deepfashion
Pleated_Metallic_Skirt_img_00000030,Pleated_Metallic_Skirt_img_00000030.jpg,skirt,pleated,none,none,none,casual,plain,deepfashion
Gauze_Skater_Skirt_img_00000045,Gauze_Skater_Skirt_img_00000045.jpg,skirt,skater,none,none,none,casual,plain,deepfashion
Fluted_Faux_Leather-Trimmed_Skirt_img_00000025,Fluted_Faux_Leather-Trimmed_Skirt_img_00000025.jpg,skirt,straight,none,none,none,casual,lace,deepfashion
Sequined_Chevron-Pattern_Skirt_img_00000031,Sequined_Chevron-Pattern_Skirt_img_00000031.jpg,skirt,straight,none,none,none,casual,plain,deepfashion
Crochet_Lace_Midi_Skirt_img_00000023,Crochet_Lace_Midi_Skirt_img_00000023.jpg,skirt,midi,none,none,none,casual,lace,deepfashion
Floral_Lace_Pencil_Skirt_img_00000051,Floral_Lace_Pencil_Skirt_img_00000051.jpg,skirt,straight,none,none,none,casual,floral,deepfashion
Pleated_Overall_Skirt_img_00000016,Pleated_Overall_Skirt_img_00000016.jpg,skirt,pleated,none,none,none,casual,geometric,deepfashion
Destinations_Graphic_Heathered_Skirt_img_00000012,Destinations_Graphic_Heathered_Skirt_img_00000012.jpg,skirt,straight,none,none,none,casual,plain,deepfashion
Knit_Bodycon_Skirt_img_00000043,Knit_Bodycon_Skirt_img_00000043.jpg,skirt,bodycon,none,none,none,casual,textured,deepfashion
Abstract-Geo_Print_Mini_Skirt_img_00000038,Abstract-Geo_Print_Mini_Skirt_img_00000038.jpg,skirt,mini,none,none,none,casual,abstract,deepfashion
Pleated_Skater_Skirt_img_00000052,Pleated_Skater_Skirt_img_00000052.jpg,skirt,skater,none,none,none,casual,textured,deepfashion
Faux_Leather_Skater_Skirt_img_00000043,Faux_Leather_Skater_Skirt_img_00000043.jpg,skirt,skater,none,none,none,casual,plain,deepfashion
Water_Print_Sarong_img_00000030,Water_Print_Sarong_img_00000030.jpg,skirt,mini,none,none,none,casual,lace,deepfashion
Textured_Pencil_Skirt_img_00000012,Textured_Pencil_Skirt_img_00000012.jpg,skirt,straight,none,none,none,casual,textured,deepfashion
Asymmetrical_Chiffon_Skirt_img_00000041,Asymmetrical_Chiffon_Skirt_img_00000041.jpg,skirt,asymmetrical,none,none,none,casual,plain,deepfashion
Knit_Bandage_Skirt_img_00000027,Knit_Bandage_Skirt_img_00000027.jpg,skirt,straight,none,none,none,casual,textured,deepfashion
Mineral_Wash_Mini_Skirt_img_00000022,Mineral_Wash_Mini_Skirt_img_00000022.jpg,skirt,mini,none,none,none,casual,plain,deepfashion
Pleated_Maxi_Skirt_img_00000032,Pleated_Maxi_Skirt_img_00000032.jpg,skirt,pleated,none,none,none,casual,plain,deepfashion
Pleated_Skater_Skirt_img_00000025,Pleated_Skater_Skirt_img_00000025.jpg,skirt,skater,none,none,none,casual,plain,deepfashion
Pleated_Faux_Leather_Skirt_img_00000077,Pleated_Faux_Leather_Skirt_img_00000077.jpg,skirt,pleated,none,none,none,casual,plain,deepfashion
Woven_Pencil_Skirt_img_00000050,Woven_Pencil_Skirt_img_00000050.jpg,skirt,straight,none,none,none,casual,graphic print,deepfashion
Tulle_Overlay_Maxi_Skirt_img_00000008,Tulle_Overlay_Maxi_Skirt_img_00000008.jpg,skirt,maxi,none,none,none,casual,plain,deepfashion
Striped_Bodycon_Skirt_img_00000015,Striped_Bodycon_Skirt_img_00000015.jpg,skirt,bodycon,none,none,none,casual,striped,deepfashion
Lace_Mini_Skirt_img_00000010,Lace_Mini_Skirt_img_00000010.jpg,skirt,mini,none,none,none,casual,lace,deepfashion
Striped_Pleated_Skirt_img_00000002,Striped_Pleated_Skirt_img_00000002.jpg,skirt,pleated,none,none,none,casual,striped,deepfashion
Crepe-Woven_Pleated_Skirt_img_00000021,Crepe-Woven_Pleated_Skirt_img_00000021.jpg,skirt,skater,none,none,none,casual,plain,deepfashion
Pleated_Midi_Skirt_img_00000053,Pleated_Midi_Skirt_img_00000053.jpg,skirt,pleated,none,none,none,casual,plain,deepfashion
Faux_Leather_Mini_Skirt_img_00000034,Faux_Leather_Mini_Skirt_img_00000034.jpg,skirt,mini,none,none,none,casual,plain,deepfashion
Tulle_Overlay_Maxi_Skirt_img_00000001,Tulle_Overlay_Maxi_Skirt_img_00000001.jpg,skirt,maxi,none,none,none,casual,plain,deepfashion
Matelass&eacute;_Pencil_Skirt_img_00000044,Matelass&eacute;_Pencil_Skirt_img_00000044.jpg,skirt,straight,none,none,none,casual,plain,deepfashion
Abstract_Organza_A-Line_Skirt_img_00000025,Abstract_Organza_A-Line_Skirt_img_00000025.jpg,skirt,a-line,none,none,none,casual,abstract,deepfashion
Pleated_Faux_Leather_Skirt_img_00000048,Pleated_Faux_Leather_Skirt_img_00000048.jpg,skirt,pleated,none,none,none,casual,plain,deepfashion
Denim_Pencil_Skirt_img_00000022,Denim_Pencil_Skirt_img_00000022.jpg,skirt,straight,none,none,none,casual,denim,deepfashion
Classic_Knit_Skater_Skirt_img_00000033,Classic_Knit_Skater_Skirt_img_00000033.jpg,skirt,skater,none,none,none,classic,floral,deepfashion
High-Waisted_Denim_Pencil_Skirt_img_00000042,High-Waisted_Denim_Pencil_Skirt_img_00000042.jpg,skirt,straight,none,none,none,casual,denim,deepfashion
Knife-Pleated_Floral_Skirt_img_00000006,Knife-Pleated_Floral_Skirt_img_00000006.jpg,skirt,pleated,none,none,none,casual,floral,deepfashion
Classic_Knit_Pencil_Skirt_img_00000002,Classic_Knit_Pencil_Skirt_img_00000002.jpg,skirt,straight,none,none,none,classic,textured,deepfashion
Striped_Pencil_Skirt_img_00000058,Striped_Pencil_Skirt_img_00000058.jpg,skirt,straight,none,none,none,casual,striped,deepfashion
Knit_Bodycon_Skirt_img_00000057,Knit_Bodycon_Skirt_img_00000057.jpg,skirt,bodycon,none,none,none,casual,textured,deepfashion
Geo_Tribal_Print_A-Line_Skirt_img_00000042,Geo_Tribal_Print_A-Line_Skirt_img_00000042.jpg,skirt,a-line,none,none,none,casual,geometric,deepfashion
Favorite_Scuba-Knit_Skirt_img_00000022,Favorite_Scuba-Knit_Skirt_img_00000022.jpg,skirt,straight,none,none,none,casual,textured,deepfashion
Scalloped_Crochet_Skirt_img_00000011,Scalloped_Crochet_Skirt_img_00000011.jpg,skirt,straight,none,none,none,classic,lace,deepfashion
Floral_Lace_Twirly_Skirt_img_00000001,Floral_Lace_Twirly_Skirt_img_00000001.jpg,skirt,straight,none,none,none,casual,floral,deepfashion
Scuba_Knit_Skater_Skirt_img_00000023,Scuba_Knit_Skater_Skirt_img_00000023.jpg,skirt,skater,none,none,none,casual,textured,deepfashion
Belted_Polka_Dot_Skirt_img_00000044,Belted_Polka_Dot_Skirt_img_00000044.jpg,skirt,straight,none,none,none,casual,polka dot,deepfashion
Shirred_Waist_Mini_Skirt_img_00000005,Shirred_Waist_Mini_Skirt_img_00000005.jpg,skirt,mini,none,none,none,casual,plain,deepfashion
Paisley_Print_Maxi_Skirt_img_00000016,Paisley_Print_Maxi_Skirt_img_00000016.jpg,skirt,maxi,none,none,none,bohemian,paisley,deepfashion
Classic_Wash_Denim_Skirt_img_00000018,Classic_Wash_Denim_Skirt_img_00000018.jpg,skirt,straight,none,none,none,classic,denim,deepfashion
Stretch-Knit_A-Line_Skirt_img_00000044,Stretch-Knit_A-Line_Skirt_img_00000044.jpg,skirt,a-line,none,none,none,casual,textured,deepfashion
Marled_Knit_Pencil_Skirt_img_00000032,Marled_Knit_Pencil_Skirt_img_00000032.jpg,skirt,midi,none,none,none,casual,textured,deepfashion
Stretch-Knit_Maxi_Skirt_img_00000027,Stretch-Knit_Maxi_Skirt_img_00000027.jpg,skirt,maxi,none,none,none,casual,textured,deepfashion
Lace_Pencil_Skirt_img_00000068,Lace_Pencil_Skirt_img_00000068.jpg,skirt,straight,none,none,none,casual,lace,deepfashion
Eyelash_Lace_Drawstring_Skirt_img_00000003,Eyelash_Lace_Drawstring_Skirt_img_00000003.jpg,skirt,straight,none,none,none,casual,lace,deepfashion
Ribbed-Stripe_Organza_A-Line_Skirt_img_00000020,Ribbed-Stripe_Organza_A-Line_Skirt_img_00000020.jpg,skirt,a-line,none,none,none,casual,striped,deepfashion
Vented_Pencil_Skirt_img_00000042,Vented_Pencil_Skirt_img_00000042.jpg,skirt,straight,none,none,none,casual,plain,deepfashion
Chiffon_Suspender_Midi_Skirt_img_00000012,Chiffon_Suspender_Midi_Skirt_img_00000012.jpg,skirt,midi,none,none,none,casual,plain,deepfashion
Floral_Scuba_Knit_Skirt_img_00000001,Floral_Scuba_Knit_Skirt_img_00000001.jpg,skirt,straight,none,none,none,casual,floral,deepfashion
Abstract_Organza_A-Line_Skirt_img_00000022,Abstract_Organza_A-Line_Skirt_img_00000022.jpg,skirt,a-line,none,none,none,casual,abstract,deepfashion
M-Slit_Maxi_Skirt_img_00000068,M-Slit_Maxi_Skirt_img_00000068.jpg,skirt,maxi,none,none,none,casual,plain,deepfashion
Pleated_Woven_Mini_Skirt_img_00000020,Pleated_Woven_Mini_Skirt_img_00000020.jpg,skirt,pleated,none,none,none,minimal,textured,deepfashion
Distressed_Denim_Mini_Skirt_img_00000065,Distressed_Denim_Mini_Skirt_img_00000065.jpg,skirt,mini,none,none,none,casual,denim,deepfashion
Cable-Knit_Pencil_Skirt_img_00000066,Cable-Knit_Pencil_Skirt_img_00000066.jpg,skirt,straight,none,none,none,casual,textured,deepfashion
Tie-Dye_Cover-Up_Skirt_img_00000005,Tie-Dye_Cover-Up_Skirt_img_00000005.jpg,skirt,straight,none,none,none,bohemian,graphic print,deepfashion
Polka_Dot_Knit_Pencil_Skirt_img_00000048,Polka_Dot_Knit_Pencil_Skirt_img_00000048.jpg,skirt,straight,none,none,none,casual,polka dot,deepfashion
Basic_Striped_Mini_Skirt_img_00000066,Basic_Striped_Mini_Skirt_img_00000066.jpg,skirt,mini,none,none,none,minimal,striped,deepfashion
Faux_Leather_A-Line_Skirt_img_00000039,Faux_Leather_A-Line_Skirt_img_00000039.jpg,skirt,a-line,none,none,none,casual,plain,deepfashion
Pleated_A-Line_Mini_Skirt_img_00000019,Pleated_A-Line_Mini_Skirt_img_00000019.jpg,skirt,a-line,none,none,none,casual,plain,deepfashion
Classic_Knit_Skater_Skirt_img_00000022,Classic_Knit_Skater_Skirt_img_00000022.jpg,skirt,skater,none,none,none,classic,denim,deepfashion
Textured_Pencil_Skirt_img_00000027,Textured_Pencil_Skirt_img_00000027.jpg,skirt,straight,none,none,none,casual,textured,deepfashion
Dotted_A-Line_Skirt_img_00000023,Dotted_A-Line_Skirt_img_00000023.jpg,skirt,a-line,none,none,none,casual,plain,deepfashion
Faux_Leather_Pencil_Skirt_img_00000004,Faux_Leather_Pencil_Skirt_img_00000004.jpg,skirt,straight,none,none,none,casual,plain,deepfashion
Button-Front_Pocket_Skirt_img_00000061,Button-Front_Pocket_Skirt_img_00000061.jpg,skirt,a-line,none,none,none,casual,denim,deepfashion
Knit_Mini_Skirt_img_00000068,Knit_Mini_Skirt_img_00000068.jpg,skirt,mini,none,none,none,casual,textured,deepfashion
Plaid_Skater_Skirt_img_00000081,Plaid_Skater_Skirt_img_00000081.jpg,skirt,skater,none,none,none,casual,checkered,deepfashion
Cable-Knit_Pencil_Skirt_img_00000008,Cable-Knit_Pencil_Skirt_img_00000008.jpg,skirt,midi,none,none,none,casual,textured,deepfashion
Pleated_Windowpane_Skirt_img_00000033,Pleated_Windowpane_Skirt_img_00000033.jpg,skirt,pleated,none,none,none,casual,plain,deepfashion
Scuba_Knit_Pencil_Skirt_img_00000002,Scuba_Knit_Pencil_Skirt_img_00000002.jpg,skirt,straight,none,none,none,casual,textured,deepfashion
Sequined_Mini_Skirt_img_00000079,Sequined_Mini_Skirt_img_00000079.jpg,skirt,wrap,none,none,none,casual,plain,deepfashion
Faux_Leather_Skater_Skirt_img_00000006,Faux_Leather_Skater_Skirt_img_00000006.jpg,skirt,skater,none,none,none,casual,plain,deepfashion
Shirred_Waist_Mini_Skirt_img_00000053,Shirred_Waist_Mini_Skirt_img_00000053.jpg,skirt,mini,none,none,none,casual,plain,deepfashion
Pleated_A-Line_Skirt_img_00000002,Pleated_A-Line_Skirt_img_00000002.jpg,skirt,a-line,none,none,none,casual,plain,deepfashion
Ditsy_Floral_Skater_Skirt_img_00000040,Ditsy_Floral_Skater_Skirt_img_00000040.jpg,skirt,skater,none,none,none,casual,floral,deepfashion
Windowpane_Print_Skater_Skirt_img_00000001,Windowpane_Print_Skater_Skirt_img_00000001.jpg,skirt,skater,none,none,none,casual,graphic print,deepfashion
Fluted_Polka_Dot_Skirt_img_00000006,Fluted_Polka_Dot_Skirt_img_00000006.jpg,skirt,straight,none,none,none,casual,polka dot,deepfashion
Crochet_Lace_Midi_Skirt_img_00000036,Crochet_Lace_Midi_Skirt_img_00000036.jpg,skirt,bodycon,none,none,none,casual,lace,deepfashion
Ditsy_Floral_Skater_Skirt_img_00000003,Ditsy_Floral_Skater_Skirt_img_00000003.jpg,skirt,skater,none,none,none,casual,floral,deepfashion
Lace_Mini_Skirt_img_00000031,Lace_Mini_Skirt_img_00000031.jpg,skirt,mini,none,none,none,casual,lace,deepfashion
Button-Front_Pocket_Skirt_img_00000042,Button-Front_Pocket_Skirt_img_00000042.jpg,skirt,straight,none,none,none,casual,plain,deepfashion
Asymmetrical_Pencil_Skirt_img_00000025,Asymmetrical_Pencil_Skirt_img_00000025.jpg,skirt,asymmetrical,none,none,none,casual,plain,deepfashion
Lace_A-Line_Skirt_img_00000034,Lace_A-Line_Skirt_img_00000034.jpg,skirt,a-line,none,none,none,casual,lace,deepfashion
Faux_Leather_Skater_Skirt_img_00000051,Faux_Leather_Skater_Skirt_img_00000051.jpg,skirt,skater,none,none,none,casual,plain,deepfashion
Speckled_Pencil_Skirt_img_00000039,Speckled_Pencil_Skirt_img_00000039.jpg,skirt,straight,none,none,none,casual,plain,deepfashion
Pleated_Paisley_Print_Skirt_img_00000037,Pleated_Paisley_Print_Skirt_img_00000037.jpg,skirt,pleated,none,none,none,casual,paisley,deepfashion
Quilted_Faux_Leather_Skirt_img_00000016,Quilted_Faux_Leather_Skirt_img_00000016.jpg,skirt,skater,none,none,none,casual,plain,deepfashion
High_Slit_Midi_Skirt_img_00000067,High_Slit_Midi_Skirt_img_00000067.jpg,skirt,midi,none,none,none,casual,plain,deepfashion
Quilted_Faux_Leather_Skirt_img_00000046,Quilted_Faux_Leather_Skirt_img_00000046.jpg,skirt,straight,none,none,none,casual,plain,deepfashion
Self-Tie_Knit_Skirt_img_00000015,Self-Tie_Knit_Skirt_img_00000015.jpg,skirt,straight,none,none,none,casual,textured,deepfashion
Crochet_Pencil_Skirt_img_00000067,Crochet_Pencil_Skirt_img_00000067.jpg,skirt,straight,none,none,none,casual,plain,deepfashion
Distressed_Denim_Skirt_img_00000008,Distressed_Denim_Skirt_img_00000008.jpg,skirt,straight,none,none,none,casual,denim,deepfashion
Button-Front_Pocket_Skirt_img_00000048,Button-Front_Pocket_Skirt_img_00000048.jpg,skirt,straight,none,none,none,casual,plain,deepfashion
Crepe_Pencil_Skirt_img_00000021,Crepe_Pencil_Skirt_img_00000021.jpg,skirt,straight,none,none,none,casual,plain,deepfashion
Eyelet_Lace_Bodycon_Skirt_img_00000028,Eyelet_Lace_Bodycon_Skirt_img_00000028.jpg,skirt,bodycon,none,none,none,casual,lace,deepfashion
Cozy_Chunky_Knit_Sweater_img_00000047,Cozy_Chunky_Knit_Sweater_img_00000047.jpg,sweater,regular fit,none,none,none,casual,textured,deepfashion
Cable_Knit_Sweater_img_00000067,Cable_Knit_Sweater_img_00000067.jpg,sweater,regular fit,none,none,none,casual,textured,deepfashion
Textured_Knit_Sweater_img_00000002,Textured_Knit_Sweater_img_00000002.jpg,sweater,regular fit,none,none,none,casual,textured,deepfashion
Classic_Turtleneck_Sweater_img_00000048,Classic_Turtleneck_Sweater_img_00000048.jpg,sweater,regular fit,long sleeve,none,none,classic,plain,deepfashion
Classic_Knit_Sweater_img_00000036,Classic_Knit_Sweater_img_00000036.jpg,sweater,regular fit,none,none,none,classic,textured,deepfashion
Striped_Cowl_Neck_Sweater_img_00000030,Striped_Cowl_Neck_Sweater_img_00000030.jpg,sweater,regular fit,none,cowl neck,none,casual,striped,deepfashion
Classic_Knit_Turtleneck_img_00000027,Classic_Knit_Turtleneck_img_00000027.jpg,sweater,regular fit,none,none,none,classic,textured,deepfashion
Crochet_Cable_Knit_Sweater_img_00000013,Crochet_Cable_Knit_Sweater_img_00000013.jpg,sweater,regular fit,none,none,none,casual,textured,deepfashion
Lattice_Knit_Sweater_img_00000037,Lattice_Knit_Sweater_img_00000037.jpg,sweater,regular fit,none,none,none,casual,textured,deepfashion
Slouchy_Marled_Sweater_img_00000041,Slouchy_Marled_Sweater_img_00000041.jpg,sweater,regular fit,none,none,none,casual,textured,deepfashion
Loose-Knit_Sweater_img_00000060,Loose-Knit_Sweater_img_00000060.jpg,sweater,batwing,batwing,v-neck,none,casual,textured,deepfashion
Loose-Knit_Zippered_Sweater_img_00000048,Loose-Knit_Zippered_Sweater_img_00000048.jpg,sweater,regular fit,none,collared,none,casual,textured,deepfashion
Cowl_Neck_Sweater_img_00000039,Cowl_Neck_Sweater_img_00000039.jpg,sweater,regular fit,none,cowl neck,none,casual,plain,deepfashion
Chunky_Marled_Knit_Sweater_img_00000021,Chunky_Marled_Knit_Sweater_img_00000021.jpg,sweater,regular fit,none,none,none,casual,textured,deepfashion
Striped_Topstitched_Drop-Sleeve_Sweater_img_00000028,Striped_Topstitched_Drop-Sleeve_Sweater_img_00000028.jpg,sweater,regular fit,drop sleeve,none,none,casual,striped,deepfashion
Popcorn-Knit_Sweater_img_00000023,Popcorn-Knit_Sweater_img_00000023.jpg,sweater,boxy,none,none,none,casual,textured,deepfashion
Do_Not_Care_Sweater_img_00000001,Do_Not_Care_Sweater_img_00000001.jpg,sweater,oversized,none,none,none,casual,plain,deepfashion
Quirky_Mercy_Sweater_img_00000023,Quirky_Mercy_Sweater_img_00000023.jpg,sweater,regular fit,none,none,none,casual,plain,deepfashion
V-Neck_Sweater_img_00000009,V-Neck_Sweater_img_00000009.jpg,sweater,regular fit,none,v-neck,none,casual,plain,deepfashion
Striped_Knit_Sweater_img_00000038,Striped_Knit_Sweater_img_00000038.jpg,sweater,regular fit,none,none,none,casual,striped,deepfashion
Striped_Crew_Neck_Sweater_img_00000013,Striped_Crew_Neck_Sweater_img_00000013.jpg,sweater,regular fit,none,crew neck,none,casual,striped,deepfashion
Chunky_Knit_Boxy_Sweater_img_00000011,Chunky_Knit_Boxy_Sweater_img_00000011.jpg,sweater,boxy,none,none,none,casual,animal print,deepfashion
Textured_Raglan_Sweater_img_00000057,Textured_Raglan_Sweater_img_00000057.jpg,sweater,regular fit,raglan sleeve,none,none,bohemian,striped,deepfashion
Striped_V-Neck_Sweater_img_00000022,Striped_V-Neck_Sweater_img_00000022.jpg,sweater,regular fit,none,v-neck,none,casual,striped,deepfashion
Varsity-Striped_Crew_Neck_Sweater_img_00000044,Varsity-Striped_Crew_Neck_Sweater_img_00000044.jpg,sweater,regular fit,none,crew neck,none,casual,striped,deepfashion
Peter_Pan_Collar_Sweater_img_00000040,Peter_Pan_Collar_Sweater_img_00000040.jpg,sweater,regular fit,none,collared,none,casual,plain,deepfashion
Zippered_High-Neck_Sweater_img_00000051,Zippered_High-Neck_Sweater_img_00000051.jpg,sweater,regular fit,none,high neck,none,casual,plain,deepfashion
Textured_Raglan_Sweater_img_00000054,Textured_Raglan_Sweater_img_00000054.jpg,sweater,regular fit,raglan sleeve,none,none,casual,textured,deepfashion
Eyelash_Knit_Ribbed_Sweater_img_00000002,Eyelash_Knit_Ribbed_Sweater_img_00000002.jpg,sweater,regular fit,long sleeve,none,none,casual,textured,deepfashion
Loose-Knit_Sweater_img_00000059,Loose-Knit_Sweater_img_00000059.jpg,sweater,regular fit,none,none,none,casual,textured,deepfashion
Striped_Crew_Neck_Sweater_img_00000065,Striped_Crew_Neck_Sweater_img_00000065.jpg,sweater,regular fit,none,crew neck,none,casual,striped,deepfashion
Boxy_Slub_Knit_Sweater_img_00000031,Boxy_Slub_Knit_Sweater_img_00000031.jpg,sweater,boxy,none,none,none,casual,textured,deepfashion
Metallic_Knit_Sweater_img_00000036,Metallic_Knit_Sweater_img_00000036.jpg,sweater,regular fit,none,none,none,casual,textured,deepfashion
Rolled-Edge_Sweater_img_00000029,Rolled-Edge_Sweater_img_00000029.jpg,sweater,regular fit,none,none,none,casual,plain,deepfashion
Boxy_Open-Knit_Sweater_img_00000008,Boxy_Open-Knit_Sweater_img_00000008.jpg,sweater,boxy,none,none,none,casual,textured,deepfashion
Boxy_Loose_Knit_Sweater_img_00000017,Boxy_Loose_Knit_Sweater_img_00000017.jpg,sweater,boxy,none,none,none,casual,textured,deepfashion
Cowl_Neck_Sweater_img_00000041,Cowl_Neck_Sweater_img_00000041.jpg,sweater,regular fit,none,cowl neck,none,casual,plain,deepfashion
Boxy_Stripe_Sweater_img_00000021,Boxy_Stripe_Sweater_img_00000021.jpg,sweater,boxy,none,none,none,casual,striped,deepfashion
Rhinestone_Beaded_Fuzzy_Sweater_img_00000021,Rhinestone_Beaded_Fuzzy_Sweater_img_00000021.jpg,sweater,regular fit,short sleeve,none,none,casual,plain,deepfashion
Floral_Tulip-Back_Marled_Sweater_img_00000017,Floral_Tulip-Back_Marled_Sweater_img_00000017.jpg,sweater,regular fit,none,none,none,casual,floral,deepfashion
Favorite_Open-Knit_Sweater_img_00000008,Favorite_Open-Knit_Sweater_img_00000008.jpg,sweater,regular fit,none,none,none,casual,textured,deepfashion
Fair_Isle_Crew_Neck_Sweater_img_00000050,Fair_Isle_Crew_Neck_Sweater_img_00000050.jpg,sweater,regular fit,none,crew neck,none,casual,plain,deepfashion
Zippered_Longline_Sweater_img_00000049,Zippered_Longline_Sweater_img_00000049.jpg,sweater,regular fit,none,none,none,casual,plain,deepfashion
Cropped_Mock_Neck_Sweater_img_00000009,Cropped_Mock_Neck_Sweater_img_00000009.jpg,sweater,cropped,none,none,none,casual,plain,deepfashion
Tasseled_Open-Knit_Sweater_img_00000030,Tasseled_Open-Knit_Sweater_img_00000030.jpg,sweater,regular fit,none,none,none,casual,embroidered,deepfashion
Drop-Sleeve_Sweater_img_00000029,Drop-Sleeve_Sweater_img_00000029.jpg,sweater,regular fit,drop sleeve,none,none,casual,plain,deepfashion
Chunky_Marled_Knit_Sweater_img_00000030,Chunky_Marled_Knit_Sweater_img_00000030.jpg,sweater,regular fit,none,none,none,casual,textured,deepfashion
Colorblocked_Raglan_Sweater_img_00000026,Colorblocked_Raglan_Sweater_img_00000026.jpg,sweater,regular fit,raglan sleeve,none,none,casual,plain,deepfashion
Nautical_Striped_Sweater_img_00000004,Nautical_Striped_Sweater_img_00000004.jpg,sweater,regular fit,none,none,none,casual,striped,deepfashion
Cable_Knit_Sweater_img_00000079,Cable_Knit_Sweater_img_00000079.jpg,sweater,regular fit,none,none,none,casual,textured,deepfashion
Marled_Crew_Neck_Sweater_img_00000024,Marled_Crew_Neck_Sweater_img_00000024.jpg,sweater,regular fit,none,crew neck,none,casual,plain,deepfashion
Dip-Dyed_Knotted_Sweater_img_00000012,Dip-Dyed_Knotted_Sweater_img_00000012.jpg,sweater,oversized,drop sleeve,none,none,casual,plain,deepfashion
Zippered_High-Neck_Sweater_img_00000031,Zippered_High-Neck_Sweater_img_00000031.jpg,sweater,regular fit,none,high neck,none,casual,plain,deepfashion
Zippered_Crew_Neck_Sweater_img_00000063,Zippered_Crew_Neck_Sweater_img_00000063.jpg,sweater,regular fit,none,crew neck,none,casual,plain,deepfashion
Internet_Graphic_Sweater_img_00000024,Internet_Graphic_Sweater_img_00000024.jpg,sweater,regular fit,none,none,none,casual,plain,deepfashion
Nautical_Striped_Sweater_img_00000021,Nautical_Striped_Sweater_img_00000021.jpg,sweater,regular fit,none,none,none,casual,striped,deepfashion
Chunky_Marled_Knit_Sweater_img_00000013,Chunky_Marled_Knit_Sweater_img_00000013.jpg,sweater,regular fit,none,none,none,casual,striped,deepfashion
Marled_Ombr&eacute;_Sweater_img_00000003,Marled_Ombr&eacute;_Sweater_img_00000003.jpg,sweater,regular fit,none,none,none,casual,plain,deepfashion
Boxy_Slub_Knit_Sweater_img_00000024,Boxy_Slub_Knit_Sweater_img_00000024.jpg,sweater,boxy,none,none,none,casual,textured,deepfashion
Slub_Knit_Sweater_img_00000016,Slub_Knit_Sweater_img_00000016.jpg,sweater,regular fit,none,none,none,casual,textured,deepfashion
Crew_Neck_Fisherman_Sweater_img_00000016,Crew_Neck_Fisherman_Sweater_img_00000016.jpg,sweater,regular fit,none,crew neck,none,classic,plain,deepfashion
Cropped_Open-Knit_Sweater_img_00000018,Cropped_Open-Knit_Sweater_img_00000018.jpg,sweater,cropped,none,none,none,casual,textured,deepfashion
Classic_Knit_Turtleneck_img_00000024,Classic_Knit_Turtleneck_img_00000024.jpg,sweater,regular fit,none,none,none,classic,lace,deepfashion
Forget-Me-Not_Sweater_img_00000046,Forget-Me-Not_Sweater_img_00000046.jpg,sweater,regular fit,none,none,none,casual,textured,deepfashion
Turtleneck_Dolman_Sweater_img_00000012,Turtleneck_Dolman_Sweater_img_00000012.jpg,sweater,regular fit,dolman sleeve,none,none,casual,plain,deepfashion
Internet_Graphic_Sweater_img_00000010,Internet_Graphic_Sweater_img_00000010.jpg,sweater,regular fit,none,none,none,casual,graphic print,deepfashion
Metallic-Threaded_Pointelle_Sweater_img_00000009,Metallic-Threaded_Pointelle_Sweater_img_00000009.jpg,sweater,regular fit,none,none,none,classic,textured,deepfashion
Contrast-Front_Knit_Sweater_img_00000042,Contrast-Front_Knit_Sweater_img_00000042.jpg,sweater,regular fit,none,none,none,casual,textured,deepfashion
Peter_Pan_Collar_Sweater_img_00000079,Peter_Pan_Collar_Sweater_img_00000079.jpg,sweater,regular fit,none,collared,none,casual,plain,deepfashion
Chunky_Knit_Boxy_Sweater_img_00000002,Chunky_Knit_Boxy_Sweater_img_00000002.jpg,sweater,boxy,none,none,none,casual,textured,deepfashion
Solid_Raglan_Sweater_img_00000010,Solid_Raglan_Sweater_img_00000010.jpg,sweater,regular fit,raglan sleeve,none,none,casual,plain,deepfashion
Faux_Mohair_Sweater_img_00000021,Faux_Mohair_Sweater_img_00000021.jpg,sweater,regular fit,none,none,none,casual,plain,deepfashion
Classic_Turtleneck_Sweater_img_00000039,Classic_Turtleneck_Sweater_img_00000039.jpg,sweater,regular fit,none,none,none,classic,plain,deepfashion
Striped_Shaggy_Knit_Sweater_img_00000014,Striped_Shaggy_Knit_Sweater_img_00000014.jpg,sweater,regular fit,none,none,none,casual,striped,deepfashion
Tasseled_Open-Knit_Sweater_img_00000036,Tasseled_Open-Knit_Sweater_img_00000036.jpg,sweater,batwing,batwing,none,none,casual,textured,deepfashion
Young_Romance_Sweater_img_00000021,Young_Romance_Sweater_img_00000021.jpg,sweater,regular fit,none,none,none,casual,plain,deepfashion
Cardio_Graphic_Sweater_img_00000001,Cardio_Graphic_Sweater_img_00000001.jpg,sweater,regular fit,none,none,none,casual,plain,deepfashion
Varsity-Striped_Trim_Sweater_img_00000016,Varsity-Striped_Trim_Sweater_img_00000016.jpg,sweater,regular fit,none,none,none,sporty,striped,deepfashion
Textured_Knit_Varsity_Sweater_img_00000035,Textured_Knit_Varsity_Sweater_img_00000035.jpg,sweater,regular fit,dolman sleeve,none,none,casual,textured,deepfashion
Longline_Sweater_img_00000013,Longline_Sweater_img_00000013.jpg,sweater,regular fit,none,none,none,casual,plain,deepfashion
Sheer-Paneled_Sweater_img_00000009,Sheer-Paneled_Sweater_img_00000009.jpg,sweater,regular fit,none,none,none,casual,plain,deepfashion
Faux_Fur_&_Knit_Sweater_img_00000008,Faux_Fur_&_Knit_Sweater_img_00000008.jpg,sweater,regular fit,none,none,none,casual,textured,deepfashion
Quirky_Mercy_Sweater_img_00000011,Quirky_Mercy_Sweater_img_00000011.jpg,sweater,regular fit,none,none,none,casual,plain,deepfashion
Cropped_Mock_Neck_Sweater_img_00000044,Cropped_Mock_Neck_Sweater_img_00000044.jpg,sweater,cropped,none,none,none,casual,textured,deepfashion
Crew_Neck_Fisherman_Sweater_img_00000010,Crew_Neck_Fisherman_Sweater_img_00000010.jpg,sweater,regular fit,none,crew neck,none,casual,plain,deepfashion
Trouble_Sweater_img_00000003,Trouble_Sweater_img_00000003.jpg,sweater,regular fit,none,none,none,casual,plain,deepfashion
Cropped_Knit_Sweater_img_00000072,Cropped_Knit_Sweater_img_00000072.jpg,sweater,cropped,none,none,none,casual,textured,deepfashion
Cropped_Knit_Sweater_img_00000010,Cropped_Knit_Sweater_img_00000010.jpg,sweater,cropped,none,none,none,casual,textured,deepfashion
Braided_Crew_Neck_Sweater_img_00000019,Braided_Crew_Neck_Sweater_img_00000019.jpg,sweater,regular fit,none,crew neck,none,casual,textured,deepfashion
Chiffon_Paneled_Sweater_img_00000025,Chiffon_Paneled_Sweater_img_00000025.jpg,sweater,regular fit,none,none,none,casual,plain,deepfashion
Standout_Americana_Sweater_img_00000013,Standout_Americana_Sweater_img_00000013.jpg,sweater,regular fit,short sleeve,none,none,casual,striped,deepfashion
Textured_Fisherman_Sweater_img_00000074,Textured_Fisherman_Sweater_img_00000074.jpg,sweater,regular fit,none,none,none,casual,textured,deepfashion
Striped_Eyelash-Knit_Sweater_img_00000009,Striped_Eyelash-Knit_Sweater_img_00000009.jpg,sweater,regular fit,none,none,none,casual,striped,deepfashion
Loyal_Cropped_Sweater_img_00000042,Loyal_Cropped_Sweater_img_00000042.jpg,sweater,cropped,none,none,none,casual,plain,deepfashion
Inverted_Seam_Knit_Sweater_img_00000027,Inverted_Seam_Knit_Sweater_img_00000027.jpg,sweater,regular fit,none,none,none,casual,textured,deepfashion
Floral_Crochet_Sweater_img_00000014,Floral_Crochet_Sweater_img_00000014.jpg,sweater,regular fit,none,none,none,casual,floral,deepfashion
Contrast-Front_Knit_Sweater_img_00000004,Contrast-Front_Knit_Sweater_img_00000004.jpg,sweater,regular fit,none,none,none,casual,textured,deepfashion
Ruffled_Trim_Sweater_img_00000007,Ruffled_Trim_Sweater_img_00000007.jpg,sweater,regular fit,none,none,none,casual,textured,deepfashion
Textured_Marled_Knit_Sweater_img_00000026,Textured_Marled_Knit_Sweater_img_00000026.jpg,sweater,regular fit,none,none,none,casual,animal print,deepfashion
Essential_Waffle_Knit_Sweater_img_00000003,Essential_Waffle_Knit_Sweater_img_00000003.jpg,sweater,regular fit,none,none,none,casual,textured,deepfashion
Striped_Loose-Knit_Sweater_img_00000028,Striped_Loose-Knit_Sweater_img_00000028.jpg,sweater,regular fit,none,none,none,casual,striped,deepfashion
Plaid_Knit_Sweater_img_00000016,Plaid_Knit_Sweater_img_00000016.jpg,sweater,regular fit,none,none,none,casual,checkered,deepfashion
Contrast-Front_Knit_Sweater_img_00000006,Contrast-Front_Knit_Sweater_img_00000006.jpg,sweater,regular fit,none,none,none,casual,textured,deepfashion
Ribbed_Cowl_Neck_Sweater_img_00000027,Ribbed_Cowl_Neck_Sweater_img_00000027.jpg,sweater,regular fit,none,cowl neck,none,casual,textured,deepfashion
Drop-Sleeve_Sweater_img_00000020,Drop-Sleeve_Sweater_img_00000020.jpg,sweater,regular fit,drop sleeve,crew neck,none,casual,textured,deepfashion
Colorblock-Striped_Sweater_img_00000021,Colorblock-Striped_Sweater_img_00000021.jpg,sweater,regular fit,none,none,none,casual,striped,deepfashion
Chunky_Knit_Sweater_img_00000071,Chunky_Knit_Sweater_img_00000071.jpg,sweater,regular fit,none,none,none,casual,textured,deepfashion
Rugby_Stripe_Sweater_img_00000007,Rugby_Stripe_Sweater_img_00000007.jpg,sweater,regular fit,none,crew neck,none,casual,striped,deepfashion
Loose-Knit_Zippered_Sweater_img_00000043,Loose-Knit_Zippered_Sweater_img_00000043.jpg,sweater,regular fit,none,crew neck,none,casual,textured,deepfashion
Waffle_Knit_Turtleneck_Sweater_img_00000061,Waffle_Knit_Turtleneck_Sweater_img_00000061.jpg,sweater,regular fit,none,none,none,casual,textured,deepfashion
Open-Knit_Poncho_Sweater_img_00000003,Open-Knit_Poncho_Sweater_img_00000003.jpg,sweater,regular fit,none,none,none,casual,textured,deepfashion
Metallic_Knit_Sweater_img_00000010,Metallic_Knit_Sweater_img_00000010.jpg,sweater,regular fit,none,none,none,casual,textured,deepfashion
Waffle_Knit_Turtleneck_Sweater_img_00000039,Waffle_Knit_Turtleneck_Sweater_img_00000039.jpg,sweater,regular fit,none,none,none,casual,textured,deepfashion
Lattice_Knit_Sweater_img_00000018,Lattice_Knit_Sweater_img_00000018.jpg,sweater,regular fit,none,none,none,casual,textured,deepfashion
Striped_Raglan_Sweater_img_00000015,Striped_Raglan_Sweater_img_00000015.jpg,sweater,regular fit,raglan sleeve,none,none,casual,striped,deepfashion
Cable_Knit_Mock-Neck_Sweater_img_00000031,Cable_Knit_Mock-Neck_Sweater_img_00000031.jpg,sweater,regular fit,none,none,none,casual,textured,deepfashion
Chiffon-Paneled_Marled_Sweater_img_00000017,Chiffon-Paneled_Marled_Sweater_img_00000017.jpg,sweater,regular fit,none,collared,none,casual,plain,deepfashion
Quilted_Sweater_img_00000058,Quilted_Sweater_img_00000058.jpg,sweater,regular fit,none,none,none,casual,embroidered,deepfashion
Quilted_Sweater_img_00000061,Quilted_Sweater_img_00000061.jpg,sweater,regular fit,none,none,none,casual,plain,deepfashion
Varsity-Striped_Trim_Sweater_img_00000001,Varsity-Striped_Trim_Sweater_img_00000001.jpg,sweater,cropped,none,none,none,casual,striped,deepfashion
Tie-Front_Striped_Tee_img_00000038,Tie-Front_Striped_Tee_img_00000038.jpg,t-shirt,regular fit,short sleeve,none,none,casual,striped,deepfashion
ASPCA_Urban_Myth_Tee_img_00000024,ASPCA_Urban_Myth_Tee_img_00000024.jpg,t-shirt,regular fit,none,none,none,casual,plain,deepfashion
Boxy_Pocket_Tee_img_00000043,Boxy_Pocket_Tee_img_00000043.jpg,t-shirt,boxy,none,none,none,casual,plain,deepfashion
Linen_Chiffon_Tee_img_00000029,Linen_Chiffon_Tee_img_00000029.jpg,t-shirt,regular fit,sleeveless,none,none,casual,checkered,deepfashion
Haute_Nights_Tee_img_00000016,Haute_Nights_Tee_img_00000016.jpg,t-shirt,regular fit,none,none,none,casual,plain,deepfashion
Longline_Burnout_Tee_img_00000011,Longline_Burnout_Tee_img_00000011.jpg,t-shirt,regular fit,none,v-neck,none,casual,plain,deepfashion
Tulip-Back_Muscle_Tee_img_00000009,Tulip-Back_Muscle_Tee_img_00000009.jpg,t-shirt,regular fit,none,none,none,casual,plain,deepfashion
Wake_Up_Graphic_Tee_img_00000041,Wake_Up_Graphic_Tee_img_00000041.jpg,t-shirt,regular fit,none,none,none,casual,plain,deepfashion
The_Rolling_Stones_Graphic_Tee_img_00000039,The_Rolling_Stones_Graphic_Tee_img_00000039.jpg,t-shirt,regular fit,none,none,none,casual,plain,deepfashion
Striped_Ringer_Pocket_Tee_img_00000044,Striped_Ringer_Pocket_Tee_img_00000044.jpg,t-shirt,regular fit,none,none,none,casual,striped,deepfashion
Chambray-Trim_Pocket_Tee_img_00000050,Chambray-Trim_Pocket_Tee_img_00000050.jpg,t-shirt,regular fit,short sleeve,none,none,casual,plain,deepfashion
Zippered_Linen_Tee_img_00000005,Zippered_Linen_Tee_img_00000005.jpg,t-shirt,regular fit,short sleeve,none,none,casual,plain,deepfashion
Cacti_Print_Tee_img_00000037,Cacti_Print_Tee_img_00000037.jpg,t-shirt,regular fit,none,none,none,casual,graphic print,deepfashion
Bandana_Print_Muscle_Tee_img_00000004,Bandana_Print_Muscle_Tee_img_00000004.jpg,t-shirt,regular fit,none,none,none,casual,graphic print,deepfashion
Front_Row_Graphic_Tee_img_00000022,Front_Row_Graphic_Tee_img_00000022.jpg,t-shirt,regular fit,none,none,none,casual,plain,deepfashion
Long_Crew_Neck_Tee_img_00000021,Long_Crew_Neck_Tee_img_00000021.jpg,t-shirt,regular fit,long sleeve,crew neck,none,minimal,plain,deepfashion
You_Post_Too_Much_Tee_img_00000018,You_Post_Too_Much_Tee_img_00000018.jpg,t-shirt,regular fit,none,none,none,casual,plain,deepfashion
Paris_France_Tee_img_00000002,Paris_France_Tee_img_00000002.jpg,t-shirt,regular fit,sleeveless,none,none,casual,plain,deepfashion
Fancy_Little_Number_Tee_img_00000005,Fancy_Little_Number_Tee_img_00000005.jpg,t-shirt,regular fit,none,none,none,casual,plain,deepfashion
Striped-Sleeve_Tee_img_00000042,Striped-Sleeve_Tee_img_00000042.jpg,t-shirt,regular fit,long sleeve,none,none,casual,striped,deepfashion
Floral_Robin_Print_Tee_img_00000042,Floral_Robin_Print_Tee_img_00000042.jpg,t-shirt,regular fit,none,none,none,casual,floral,deepfashion
Sade_Graphic_Tee_img_00000035,Sade_Graphic_Tee_img_00000035.jpg,t-shirt,regular fit,none,none,none,casual,plain,deepfashion
What_I_Said_Muscle_Tee_img_00000007,What_I_Said_Muscle_Tee_img_00000007.jpg,t-shirt,regular fit,none,none,none,casual,plain,deepfashion
Lace_Paneled_Tee_img_00000027,Lace_Paneled_Tee_img_00000027.jpg,t-shirt,regular fit,none,none,none,casual,lace,deepfashion
Chambray-Trim_Pocket_Tee_img_00000013,Chambray-Trim_Pocket_Tee_img_00000013.jpg,t-shirt,regular fit,sleeveless,none,none,casual,plain,deepfashion
Micro-Stripe_Pocket_Tee_img_00000032,Micro-Stripe_Pocket_Tee_img_00000032.jpg,t-shirt,regular fit,none,none,none,casual,striped,deepfashion
Striped-Sleeve_Tee_img_00000051,Striped-Sleeve_Tee_img_00000051.jpg,t-shirt,regular fit,short sleeve,none,none,casual,striped,deepfashion
Boxy_Cotton_Muscle_Tee_img_00000012,Boxy_Cotton_Muscle_Tee_img_00000012.jpg,t-shirt,boxy,none,none,none,casual,plain,deepfashion
Do_Tell_Tee_img_00000051,Do_Tell_Tee_img_00000051.jpg,t-shirt,regular fit,none,none,none,casual,graphic print,deepfashion
Perfect_is_Boring_Graphic_Tee_img_00000007,Perfect_is_Boring_Graphic_Tee_img_00000007.jpg,t-shirt,regular fit,none,none,none,casual,plain,deepfashion
Favorite_V-Neck_Tee_img_00000013,Favorite_V-Neck_Tee_img_00000013.jpg,t-shirt,regular fit,none,v-neck,none,casual,lace,deepfashion
Boxy_Pocket_Tee_img_00000009,Boxy_Pocket_Tee_img_00000009.jpg,t-shirt,boxy,none,none,none,casual,plain,deepfashion
Los_Angeles_Muscle_Tee_img_00000044,Los_Angeles_Muscle_Tee_img_00000044.jpg,t-shirt,regular fit,none,none,none,casual,plain,deepfashion
Designer_Bags_Graphic_Tee_img_00000044,Designer_Bags_Graphic_Tee_img_00000044.jpg,t-shirt,regular fit,none,none,none,casual,plain,deepfashion
Eagles_Graphic_Muscle_Tee_img_00000003,Eagles_Graphic_Muscle_Tee_img_00000003.jpg,t-shirt,regular fit,none,none,none,casual,plain,deepfashion
French_Terry_Pocket_Tee_img_00000045,French_Terry_Pocket_Tee_img_00000045.jpg,t-shirt,regular fit,none,none,none,casual,plain,deepfashion
Bandana_Print_Layered_Tee_img_00000058,Bandana_Print_Layered_Tee_img_00000058.jpg,t-shirt,regular fit,none,none,none,casual,paisley,deepfashion
Slub_Knit_Perfect_Tee_img_00000021,Slub_Knit_Perfect_Tee_img_00000021.jpg,t-shirt,regular fit,none,none,none,casual,textured,deepfashion
Zippered_Mesh-Paneled_Tee_img_00000019,Zippered_Mesh-Paneled_Tee_img_00000019.jpg,t-shirt,regular fit,none,none,none,casual,plain,deepfashion
Crew_Neck_Tee_img_00000030,Crew_Neck_Tee_img_00000030.jpg,t-shirt,regular fit,none,crew neck,none,casual,plain,deepfashion
Led_Zeppelin_Muscle_Tee_img_00000027,Led_Zeppelin_Muscle_Tee_img_00000027.jpg,t-shirt,regular fit,none,none,none,casual,plain,deepfashion
Led_Zeppelin_Graphic_Tee_img_00000034,Led_Zeppelin_Graphic_Tee_img_00000034.jpg,t-shirt,regular fit,none,none,none,casual,plain,deepfashion
Abstract_Print_Tee_img_00000066,Abstract_Print_Tee_img_00000066.jpg,t-shirt,regular fit,none,none,none,casual,abstract,deepfashion
Drop-Sleeve_Knit_Tee_img_00000018,Drop-Sleeve_Knit_Tee_img_00000018.jpg,t-shirt,regular fit,drop sleeve,none,none,casual,textured,deepfashion
Longline_Baseball_Jersey_img_00000046,Longline_Baseball_Jersey_img_00000046.jpg,t-shirt,regular fit,long sleeve,none,none,casual,plain,deepfashion
Glasses_Print_Tee_img_00000016,Glasses_Print_Tee_img_00000016.jpg,t-shirt,regular fit,none,none,none,casual,graphic print,deepfashion
Cacti_Print_Tee_img_00000029,Cacti_Print_Tee_img_00000029.jpg,t-shirt,regular fit,none,none,none,casual,graphic print,deepfashion
Colorblocked_Pocket_Striped_Tee_img_00000006,Colorblocked_Pocket_Striped_Tee_img_00000006.jpg,t-shirt,oversized,none,none,none,casual,striped,deepfashion
Basquiat_Graphic_Baseball_Tee_img_00000019,Basquiat_Graphic_Baseball_Tee_img_00000019.jpg,t-shirt,regular fit,none,none,none,casual,plain,deepfashion
Rolling_Stones_Graphic_Tee_img_00000025,Rolling_Stones_Graphic_Tee_img_00000025.jpg,t-shirt,regular fit,none,none,none,casual,plain,deepfashion
Tokyo_Ringer_Tee_img_00000027,Tokyo_Ringer_Tee_img_00000027.jpg,t-shirt,regular fit,none,none,none,casual,plain,deepfashion
Tupac_Graphic_Tee_img_00000044,Tupac_Graphic_Tee_img_00000044.jpg,t-shirt,regular fit,none,none,none,casual,plain,deepfashion
Fitted_V-Neck_Tee_img_00000029,Fitted_V-Neck_Tee_img_00000029.jpg,t-shirt,regular fit,none,v-neck,none,casual,plain,deepfashion
Barbie_Muscle_Tee_img_00000039,Barbie_Muscle_Tee_img_00000039.jpg,t-shirt,regular fit,none,none,none,casual,plain,deepfashion
Striped_Baseball_Tee_img_00000030,Striped_Baseball_Tee_img_00000030.jpg,t-shirt,regular fit,none,none,none,casual,striped,deepfashion
Mickey_Mouse_Ringer_Tee_img_00000034,Mickey_Mouse_Ringer_Tee_img_00000034.jpg,t-shirt,regular fit,none,none,none,casual,plain,deepfashion
Colorblock-Striped_Muscle_Tee_img_00000005,Colorblock-Striped_Muscle_Tee_img_00000005.jpg,t-shirt,regular fit,none,none,none,casual,striped,deepfashion
I_Am_The_Boss_Tee_img_00000063,I_Am_The_Boss_Tee_img_00000063.jpg,t-shirt,regular fit,none,none,none,casual,plain,deepfashion
Faux_Leather_Jersey_img_00000022,Faux_Leather_Jersey_img_00000022.jpg,t-shirt,regular fit,none,none,none,casual,plain,deepfashion
Wave_Print_Tee_img_00000002,Wave_Print_Tee_img_00000002.jpg,t-shirt,regular fit,none,none,none,casual,graphic print,deepfashion
Nacho_Friend_Muscle_Tee_img_00000002,Nacho_Friend_Muscle_Tee_img_00000002.jpg,t-shirt,regular fit,none,none,none,casual,plain,deepfashion
Barbie_Perfect_Tee_img_00000042,Barbie_Perfect_Tee_img_00000042.jpg,t-shirt,regular fit,none,none,none,casual,plain,deepfashion
Toucan_Print_Tee_img_00000049,Toucan_Print_Tee_img_00000049.jpg,t-shirt,regular fit,none,none,none,casual,floral,deepfashion
Positive_Muscle_Tee_img_00000032,Positive_Muscle_Tee_img_00000032.jpg,t-shirt,regular fit,none,none,none,casual,plain,deepfashion
Dropped_Hem_Muscle_Tee_img_00000026,Dropped_Hem_Muscle_Tee_img_00000026.jpg,t-shirt,regular fit,none,none,none,casual,plain,deepfashion
Slub_Knit_Cutout_Tee_img_00000029,Slub_Knit_Cutout_Tee_img_00000029.jpg,t-shirt,regular fit,none,none,none,casual,textured,deepfashion
Side-Slit_Muscle_Tee_img_00000004,Side-Slit_Muscle_Tee_img_00000004.jpg,t-shirt,regular fit,none,none,none,casual,plain,deepfashion
Happiness_Graphic_Tee_img_00000024,Happiness_Graphic_Tee_img_00000024.jpg,t-shirt,regular fit,none,none,none,casual,plain,deepfashion
Pegasus_Graphic_Tee_img_00000038,Pegasus_Graphic_Tee_img_00000038.jpg,t-shirt,regular fit,none,none,none,casual,plain,deepfashion
Three-Button_Pima_Cotton-Blend_Henley_img_00000045,Three-Button_Pima_Cotton-Blend_Henley_img_00000045.jpg,t-shirt,regular fit,none,none,none,casual,textured,deepfashion
Mineral_Wash_Tee_img_00000007,Mineral_Wash_Tee_img_00000007.jpg,t-shirt,regular fit,none,none,none,casual,plain,deepfashion
Surfer_Girls_Tee_img_00000020,Surfer_Girls_Tee_img_00000020.jpg,t-shirt,regular fit,none,none,none,casual,plain,deepfashion
Love_Hate_Tee_img_00000051,Love_Hate_Tee_img_00000051.jpg,t-shirt,regular fit,none,none,none,casual,plain,deepfashion
Chic_95_Tee_img_00000023,Chic_95_Tee_img_00000023.jpg,t-shirt,regular fit,none,none,none,casual,plain,deepfashion
SpongeBob_V-Neck_Tee_img_00000020,SpongeBob_V-Neck_Tee_img_00000020.jpg,t-shirt,regular fit,none,v-neck,none,casual,plain,deepfashion
Pizza_Party_Tee_img_00000024,Pizza_Party_Tee_img_00000024.jpg,t-shirt,regular fit,none,none,none,casual,plain,deepfashion
Blah_Blah_Blah_Tee_img_00000007,Blah_Blah_Blah_Tee_img_00000007.jpg,t-shirt,regular fit,none,none,none,casual,plain,deepfashion
Menagerie_Print_Tee_img_00000039,Menagerie_Print_Tee_img_00000039.jpg,t-shirt,regular fit,none,none,none,casual,animal print,deepfashion
Boxy_Ombr&eacute;_Tee_img_00000042,Boxy_Ombr&eacute;_Tee_img_00000042.jpg,t-shirt,boxy,none,none,none,casual,lace,deepfashion
SpongeBob_x_Mina_Kwon_Varsity_Tee_img_00000007,SpongeBob_x_Mina_Kwon_Varsity_Tee_img_00000007.jpg,t-shirt,regular fit,none,none,none,casual,plain,deepfashion
Distressed_Muscle_Tee_img_00000012,Distressed_Muscle_Tee_img_00000012.jpg,t-shirt,regular fit,none,none,none,casual,plain,deepfashion
Tasmanian_Devil_Muscle_Tee_img_00000015,Tasmanian_Devil_Muscle_Tee_img_00000015.jpg,t-shirt,regular fit,none,none,none,casual,plain,deepfashion
Camera_Graphic_Tee_img_00000071,Camera_Graphic_Tee_img_00000071.jpg,t-shirt,regular fit,none,v-neck,none,casual,plain,deepfashion
Paint_Splatter_Muscle_Tee_img_00000016,Paint_Splatter_Muscle_Tee_img_00000016.jpg,t-shirt,regular fit,none,none,none,casual,plain,deepfashion
DEFYANT_Faux-Leather_Paneled_Mesh_Tee_img_00000001,DEFYANT_Faux-Leather_Paneled_Mesh_Tee_img_00000001.jpg,t-shirt,regular fit,none,none,none,casual,plain,deepfashion
Get_Over_Graphic_Tee_img_00000043,Get_Over_Graphic_Tee_img_00000043.jpg,t-shirt,regular fit,none,none,none,casual,plain,deepfashion
BRKLN_Colorblock_Tee_img_00000003,BRKLN_Colorblock_Tee_img_00000003.jpg,t-shirt,regular fit,none,none,none,casual,plain,deepfashion
Los_Angeles_Lakers_Baseball_Tee_img_00000024,Los_Angeles_Lakers_Baseball_Tee_img_00000024.jpg,t-shirt,regular fit,none,none,none,casual,plain,deepfashion
Broad_Stripe_Knit_Tee_img_00000027,Broad_Stripe_Knit_Tee_img_00000027.jpg,t-shirt,regular fit,none,none,none,casual,striped,deepfashion
Distressed_Paris_Muscle_Tee_img_00000006,Distressed_Paris_Muscle_Tee_img_00000006.jpg,t-shirt,regular fit,none,none,none,casual,graphic print,deepfashion
Designer_Bags_Graphic_Tee_img_00000039,Designer_Bags_Graphic_Tee_img_00000039.jpg,t-shirt,regular fit,none,none,none,casual,plain,deepfashion
Trust_Nobody_Muscle_Tee_img_00000010,Trust_Nobody_Muscle_Tee_img_00000010.jpg,t-shirt,regular fit,none,none,none,casual,plain,deepfashion
To_Get_Likes_Tee_img_00000009,To_Get_Likes_Tee_img_00000009.jpg,t-shirt,regular fit,none,none,none,minimal,plain,deepfashion
Rose_Print_Knit_Tee_img_00000001,Rose_Print_Knit_Tee_img_00000001.jpg,t-shirt,regular fit,none,none,none,casual,textured,deepfashion
Paint_Splatter_Muscle_Tee_img_00000027,Paint_Splatter_Muscle_Tee_img_00000027.jpg,t-shirt,regular fit,none,none,none,casual,plain,deepfashion
Marilyn_Monroe_V-Neck_Tee_img_00000023,Marilyn_Monroe_V-Neck_Tee_img_00000023.jpg,t-shirt,regular fit,none,v-neck,none,casual,plain,deepfashion
Striped_V-Neck_Tee_img_00000001,Striped_V-Neck_Tee_img_00000001.jpg,t-shirt,regular fit,none,v-neck,none,casual,striped,deepfashion
Striped_Burger_Tee_img_00000030,Striped_Burger_Tee_img_00000030.jpg,t-shirt,regular fit,none,none,none,casual,striped,deepfashion
Striped-Sleeve_Tee_img_00000026,Striped-Sleeve_Tee_img_00000026.jpg,t-shirt,regular fit,short sleeve,none,none,casual,striped,deepfashion
NYC_Tee_img_00000035,NYC_Tee_img_00000035.jpg,t-shirt,regular fit,none,none,none,casual,plain,deepfashion
Menagerie_Print_Tee_img_00000016,Menagerie_Print_Tee_img_00000016.jpg,t-shirt,regular fit,none,none,none,casual,graphic print,deepfashion
Raglan_Sleeve_Tee_img_00000035,Raglan_Sleeve_Tee_img_00000035.jpg,t-shirt,regular fit,raglan sleeve,none,none,casual,plain,deepfashion
V-Neck_Pocket_Tee_img_00000049,V-Neck_Pocket_Tee_img_00000049.jpg,t-shirt,regular fit,none,v-neck,none,casual,plain,deepfashion
Rad_Graphic_Tee_img_00000018,Rad_Graphic_Tee_img_00000018.jpg,t-shirt,regular fit,none,none,none,casual,plain,deepfashion
Watercolor_Print_Linen_Tee_img_00000029,Watercolor_Print_Linen_Tee_img_00000029.jpg,t-shirt,regular fit,none,none,none,casual,graphic print,deepfashion
Distressed_Pocket_Tee_img_00000043,Distressed_Pocket_Tee_img_00000043.jpg,t-shirt,regular fit,none,none,none,casual,textured,deepfashion
Striped_Cap-Sleeve_Tee_img_00000019,Striped_Cap-Sleeve_Tee_img_00000019.jpg,t-shirt,regular fit,none,none,none,casual,striped,deepfashion
Marilyn_Monroe_V-Neck_Tee_img_00000047,Marilyn_Monroe_V-Neck_Tee_img_00000047.jpg,t-shirt,regular fit,none,v-neck,none,casual,plain,deepfashion
No_Doubt_Graphic_Muscle_Tee_img_00000005,No_Doubt_Graphic_Muscle_Tee_img_00000005.jpg,t-shirt,regular fit,none,none,none,casual,plain,deepfashion
Palm_Tree_Muscle_Tee_img_00000007,Palm_Tree_Muscle_Tee_img_00000007.jpg,t-shirt,regular fit,none,none,none,casual,plain,deepfashion
Striped_Ringer_Pocket_Tee_img_00000022,Striped_Ringer_Pocket_Tee_img_00000022.jpg,t-shirt,regular fit,none,none,none,casual,striped,deepfashion
Striped_Pocket_Tee_img_00000024,Striped_Pocket_Tee_img_00000024.jpg,t-shirt,regular fit,none,none,none,casual,striped,deepfashion
Elephant_Graphic_Muscle_Tee_img_00000036,Elephant_Graphic_Muscle_Tee_img_00000036.jpg,t-shirt,regular fit,none,none,none,casual,animal print,deepfashion
DEFYANT_Marble_Logo_Tee_img_00000029,DEFYANT_Marble_Logo_Tee_img_00000029.jpg,t-shirt,regular fit,none,none,none,casual,plain,deepfashion
Plaid_Pocket_Tee_img_00000012,Plaid_Pocket_Tee_img_00000012.jpg,t-shirt,regular fit,none,none,none,casual,checkered,deepfashion
Heathered_Muscle_Tee_img_00000038,Heathered_Muscle_Tee_img_00000038.jpg,t-shirt,regular fit,none,none,none,casual,plain,deepfashion
Control_Sector_Geo_Colorblocked_Tee_img_00000018,Control_Sector_Geo_Colorblocked_Tee_img_00000018.jpg,t-shirt,regular fit,none,none,none,casual,geometric,deepfashion
Hooded_Slub_Knit_Henley_img_00000014,Hooded_Slub_Knit_Henley_img_00000014.jpg,t-shirt,regular fit,none,none,none,casual,textured,deepfashion
Iguana_Print_Tee_img_00000066,Iguana_Print_Tee_img_00000066.jpg,t-shirt,regular fit,none,none,none,casual,graphic print,deepfashion
EPTM._Striped_Round-Hem_Tee_img_00000027,EPTM._Striped_Round-Hem_Tee_img_00000027.jpg,t-shirt,regular fit,none,none,none,casual,striped,deepfashion
Embroidered_Bead_Keyhole_Blouse_img_00000064,Embroidered_Bead_Keyhole_Blouse_img_00000064.jpg,top,regular fit,sleeveless,none,none,casual,embroidered,deepfashion
Mandarin_Collar_Blouse_img_00000071,Mandarin_Collar_Blouse_img_00000071.jpg,top,regular fit,none,collared,none,casual,graphic print,deepfashion
Woven_Open-Back_Blouse_img_00000059,Woven_Open-Back_Blouse_img_00000059.jpg,top,regular fit,none,none,none,casual,graphic print,deepfashion
Pleated_Chiffon_Blouse_img_00000037,Pleated_Chiffon_Blouse_img_00000037.jpg,top,regular fit,none,collared,none,casual,lace,deepfashion
Embroidered_Mesh_Gauze_Blouse_img_00000085,Embroidered_Mesh_Gauze_Blouse_img_00000085.jpg,top,regular fit,none,none,none,casual,embroidered,deepfashion
Cheetah_Print_High-Neck_Blouse_img_00000044,Cheetah_Print_High-Neck_Blouse_img_00000044.jpg,top,regular fit,none,high neck,none,casual,animal print,deepfashion
Beaded_Laser-Cut_Blouse_img_00000057,Beaded_Laser-Cut_Blouse_img_00000057.jpg,top,peplum,none,none,none,casual,plain,deepfashion
Dotted_Lace-Paneled_Blouse_img_00000040,Dotted_Lace-Paneled_Blouse_img_00000040.jpg,top,regular fit,none,none,none,casual,lace,deepfashion
Tribal_Print_Boxy_Tank_img_00000008,Tribal_Print_Boxy_Tank_img_00000008.jpg,top,boxy,none,none,none,casual,graphic print,deepfashion
Sheer_Pleated-Front_Blouse_img_00000145,Sheer_Pleated-Front_Blouse_img_00000145.jpg,top,regular fit,none,none,none,casual,plain,deepfashion
Beaded_Tribal_Print_Blouse_img_00000043,Beaded_Tribal_Print_Blouse_img_00000043.jpg,top,regular fit,none,none,none,casual,graphic print,deepfashion
Tribal_Print_Tank_img_00000002,Tribal_Print_Tank_img_00000002.jpg,top,regular fit,none,none,none,casual,graphic print,deepfashion
Cotton_Modal-Blend_Tank_img_00000033,Cotton_Modal-Blend_Tank_img_00000033.jpg,top,regular fit,none,none,none,casual,plain,deepfashion
Striped_Tribal_Print_Blouse_img_00000024,Striped_Tribal_Print_Blouse_img_00000024.jpg,top,regular fit,none,none,none,casual,striped,deepfashion
Retro_Floral_Blouse_img_00000083,Retro_Floral_Blouse_img_00000083.jpg,top,regular fit,short sleeve,none,none,casual,floral,deepfashion
Side-Slit_Striped_Blouse_img_00000084,Side-Slit_Striped_Blouse_img_00000084.jpg,top,regular fit,none,none,none,casual,striped,deepfashion
Mixed_Ornate_Print_Blouse_img_00000029,Mixed_Ornate_Print_Blouse_img_00000029.jpg,top,regular fit,none,none,none,casual,paisley,deepfashion
Fluttered_Polka_Dot_Blouse_img_00000045,Fluttered_Polka_Dot_Blouse_img_00000045.jpg,top,regular fit,none,none,none,casual,polka dot,deepfashion
Striped_Open-Front_Fringed_Poncho_img_00000016,Striped_Open-Front_Fringed_Poncho_img_00000016.jpg,top,regular fit,none,none,none,casual,striped,deepfashion
Abstract_Geo_Chiffon_Tank_img_00000013,Abstract_Geo_Chiffon_Tank_img_00000013.jpg,top,regular fit,none,none,none,casual,abstract,deepfashion
Striped_Open-Knit_Blouse_img_00000107,Striped_Open-Knit_Blouse_img_00000107.jpg,top,regular fit,none,v-neck,none,casual,striped,deepfashion
Soft_Stripe_Crochet_Tank_img_00000001,Soft_Stripe_Crochet_Tank_img_00000001.jpg,top,regular fit,none,none,none,casual,striped,deepfashion
Safari_Animal_Print_Tank_img_00000046,Safari_Animal_Print_Tank_img_00000046.jpg,top,regular fit,none,none,none,casual,animal print,deepfashion
Lace_Trimmed_Blouse_img_00000044,Lace_Trimmed_Blouse_img_00000044.jpg,top,peplum,none,none,none,casual,lace,deepfashion
Petal-Sleeved_Blouse_img_00000042,Petal-Sleeved_Blouse_img_00000042.jpg,top,regular fit,short sleeve,none,none,casual,plain,deepfashion
Textured_Bow-Front_Blouse_img_00000079,Textured_Bow-Front_Blouse_img_00000079.jpg,top,regular fit,none,none,none,casual,textured,deepfashion
Woven_Pocket_Tank_img_00000025,Woven_Pocket_Tank_img_00000025.jpg,top,regular fit,none,none,none,casual,plain,deepfashion
Micro-Striped_Tank_img_00000039,Micro-Striped_Tank_img_00000039.jpg,top,regular fit,none,none,none,casual,striped,deepfashion
Boxy_Angel-Sleeved_Blouse_img_00000042,Boxy_Angel-Sleeved_Blouse_img_00000042.jpg,top,boxy,short sleeve,none,none,casual,plain,deepfashion
Paint_Splatter_Tank_img_00000040,Paint_Splatter_Tank_img_00000040.jpg,top,regular fit,none,none,none,casual,plain,deepfashion
Stretch-Knit_Racerback_Tank_img_00000036,Stretch-Knit_Racerback_Tank_img_00000036.jpg,top,regular fit,sleeveless,none,none,casual,textured,deepfashion
Striped_Open-Front_Fringed_Poncho_img_00000008,Striped_Open-Front_Fringed_Poncho_img_00000008.jpg,top,regular fit,none,none,none,casual,striped,deepfashion
Trimmed_Pocket_Tank_img_00000033,Trimmed_Pocket_Tank_img_00000033.jpg,top,regular fit,none,none,none,casual,plain,deepfashion
Sheer_Woven_Blouse_img_00000068,Sheer_Woven_Blouse_img_00000068.jpg,top,regular fit,none,none,none,casual,plain,deepfashion
Leaf_Print_Blouse_img_00000103,Leaf_Print_Blouse_img_00000103.jpg,top,regular fit,none,none,none,casual,graphic print,deepfashion
Buttoned_Collarless_Blouse_img_00000073,Buttoned_Collarless_Blouse_img_00000073.jpg,top,regular fit,none,collared,none,casual,plain,deepfashion
Draped_Surplice_Blouse_img_00000107,Draped_Surplice_Blouse_img_00000107.jpg,top,regular fit,none,none,none,casual,plain,deepfashion
Tie-Front_Chiffon_Blouse_img_00000145,Tie-Front_Chiffon_Blouse_img_00000145.jpg,top,regular fit,none,none,none,casual,plain,deepfashion
Crisscross_Neckline_Peasant_Blouse_img_00000036,Crisscross_Neckline_Peasant_Blouse_img_00000036.jpg,top,regular fit,none,none,none,casual,paisley,deepfashion
Racerback_Tank_img_00000010,Racerback_Tank_img_00000010.jpg,top,regular fit,none,none,none,casual,plain,deepfashion
Colorblocked_Tribal_Print_Blouse_img_00000058,Colorblocked_Tribal_Print_Blouse_img_00000058.jpg,top,regular fit,none,none,none,casual,striped,deepfashion
Cropped_Double-Racer_Tank_img_00000017,Cropped_Double-Racer_Tank_img_00000017.jpg,top,cropped,none,none,none,casual,plain,deepfashion
Bell_Sleeve_Blouse_img_00000164,Bell_Sleeve_Blouse_img_00000164.jpg,top,regular fit,bell sleeve,none,none,casual,lace,deepfashion
Dotted_Crepe_Blouse_img_00000067,Dotted_Crepe_Blouse_img_00000067.jpg,top,regular fit,none,none,none,casual,plain,deepfashion
Split-Neck_Dolman_Blouse_img_00000013,Split-Neck_Dolman_Blouse_img_00000013.jpg,top,regular fit,dolman sleeve,v-neck,none,casual,plain,deepfashion
Botanical_Ringer_Tank_img_00000041,Botanical_Ringer_Tank_img_00000041.jpg,top,regular fit,none,none,none,casual,plain,deepfashion
Dotted_Ruffle_Blouse_img_00000096,Dotted_Ruffle_Blouse_img_00000096.jpg,top,regular fit,none,none,none,casual,polka dot,deepfashion
Floral_Print_Peasant_Blouse_img_00000035,Floral_Print_Peasant_Blouse_img_00000035.jpg,top,regular fit,none,none,none,casual,floral,deepfashion
Daisy_Print_Blouse_img_00000096,Daisy_Print_Blouse_img_00000096.jpg,top,regular fit,long sleeve,none,none,casual,graphic print,deepfashion
Tile_Print_Blouse_img_00000033,Tile_Print_Blouse_img_00000033.jpg,top,regular fit,none,none,none,casual,graphic print,deepfashion
Trimmed_Pocket_Tank_img_00000011,Trimmed_Pocket_Tank_img_00000011.jpg,top,regular fit,none,none,none,casual,plain,deepfashion
Diamond_Print_Pocket_Tank_img_00000027,Diamond_Print_Pocket_Tank_img_00000027.jpg,top,regular fit,none,none,none,casual,graphic print,deepfashion
Boxy_Southwestern_Print_Tank_img_00000018,Boxy_Southwestern_Print_Tank_img_00000018.jpg,top,boxy,none,none,none,casual,graphic print,deepfashion
Contrast-Trimmed_Heathered_Tank_img_00000032,Contrast-Trimmed_Heathered_Tank_img_00000032.jpg,top,regular fit,none,none,none,casual,plain,deepfashion
Crepe_Popover_Blouse_img_00000071,Crepe_Popover_Blouse_img_00000071.jpg,top,regular fit,none,none,none,casual,plain,deepfashion
Open-Back_Blouse_img_00000104,Open-Back_Blouse_img_00000104.jpg,top,regular fit,none,none,none,casual,plain,deepfashion
Floral_Crochet_Tank_img_00000038,Floral_Crochet_Tank_img_00000038.jpg,top,regular fit,none,none,none,casual,floral,deepfashion
Eagle_Graphic_Self-Tie_Tank_img_00000008,Eagle_Graphic_Self-Tie_Tank_img_00000008.jpg,top,regular fit,none,none,none,casual,graphic print,deepfashion
Braided_T-Back_Tank_img_00000060,Braided_T-Back_Tank_img_00000060.jpg,top,regular fit,none,none,none,casual,plain,deepfashion
Crochet_Lace_Tank_img_00000070,Crochet_Lace_Tank_img_00000070.jpg,top,regular fit,sleeveless,none,none,casual,lace,deepfashion
Pintuck-Paneled_Blouse_img_00000023,Pintuck-Paneled_Blouse_img_00000023.jpg,top,regular fit,none,none,none,casual,floral,deepfashion
Crinkled_Stretch_Knit_Blouse_img_00000051,Crinkled_Stretch_Knit_Blouse_img_00000051.jpg,top,regular fit,none,none,none,casual,checkered,deepfashion
Lace_Paneled_Blouse_img_00000058,Lace_Paneled_Blouse_img_00000058.jpg,top,regular fit,none,none,none,casual,lace,deepfashion
Cali_State_of_Mind_Tank_img_00000046,Cali_State_of_Mind_Tank_img_00000046.jpg,top,regular fit,none,none,none,casual,plain,deepfashion
Bell_Sleeve_Blouse_img_00000037,Bell_Sleeve_Blouse_img_00000037.jpg,top,regular fit,bell sleeve,none,none,casual,plain,deepfashion
Tribal_Print_Peasant_Blouse_img_00000099,Tribal_Print_Peasant_Blouse_img_00000099.jpg,top,regular fit,none,none,none,casual,paisley,deepfashion
Crochet_Cutout_Fringe_Tank_img_00000018,Crochet_Cutout_Fringe_Tank_img_00000018.jpg,top,regular fit,none,none,none,bohemian,lace,deepfashion
Twisted-Hem_Plaid_Blouse_img_00000057,Twisted-Hem_Plaid_Blouse_img_00000057.jpg,top,regular fit,none,none,none,casual,checkered,deepfashion
Three-Button_Flat_Collar_Blouse_img_00000101,Three-Button_Flat_Collar_Blouse_img_00000101.jpg,top,regular fit,none,collared,none,casual,plain,deepfashion
Sheer_Beaded_Blouse_img_00000045,Sheer_Beaded_Blouse_img_00000045.jpg,top,cropped,short sleeve,none,none,casual,lace,deepfashion
Deep-V_Draped_Blouse_img_00000104,Deep-V_Draped_Blouse_img_00000104.jpg,top,regular fit,long sleeve,v-neck,none,casual,plain,deepfashion
Layered-Panel_Chiffon_Blouse_img_00000095,Layered-Panel_Chiffon_Blouse_img_00000095.jpg,top,regular fit,none,none,none,casual,plain,deepfashion
Beach_Breeze_Tank_img_00000008,Beach_Breeze_Tank_img_00000008.jpg,top,regular fit,none,none,none,casual,plain,deepfashion
Shirred_Lace-Paneled_Blouse_img_00000003,Shirred_Lace-Paneled_Blouse_img_00000003.jpg,top,regular fit,none,none,none,casual,lace,deepfashion
Crepe_Popover_Blouse_img_00000010,Crepe_Popover_Blouse_img_00000010.jpg,top,regular fit,none,none,none,casual,lace,deepfashion
Colorblock_Tie-Dye_Tank_img_00000037,Colorblock_Tie-Dye_Tank_img_00000037.jpg,top,regular fit,none,none,none,casual,plain,deepfashion
Windowpane_Floral_Crochet_Blouse_img_00000007,Windowpane_Floral_Crochet_Blouse_img_00000007.jpg,top,regular fit,none,none,none,casual,floral,deepfashion
Watercolor_Floral_Print_Blouse_img_00000051,Watercolor_Floral_Print_Blouse_img_00000051.jpg,top,regular fit,long sleeve,none,none,casual,floral,deepfashion
Pizza_Party_Graphic_Tank_img_00000010,Pizza_Party_Graphic_Tank_img_00000010.jpg,top,regular fit,none,none,none,casual,plain,deepfashion
Ruffled_Rose_Blouse_img_00000088,Ruffled_Rose_Blouse_img_00000088.jpg,top,regular fit,none,none,none,casual,plain,deepfashion
Mandarin_Collar_Pocket_Blouse_img_00000003,Mandarin_Collar_Pocket_Blouse_img_00000003.jpg,top,regular fit,none,collared,none,casual,plain,deepfashion
Fair_Isle_V-Neck_Poncho_img_00000040,Fair_Isle_V-Neck_Poncho_img_00000040.jpg,top,regular fit,none,v-neck,none,casual,plain,deepfashion
LA_Clippers_Graphic_Tank_img_00000014,LA_Clippers_Graphic_Tank_img_00000014.jpg,top,regular fit,none,none,none,casual,plain,deepfashion
Pintuck_Pleated_Chiffon_Blouse_img_00000038,Pintuck_Pleated_Chiffon_Blouse_img_00000038.jpg,top,regular fit,none,none,none,casual,plain,deepfashion
Pineapple_Print_Tank_img_00000067,Pineapple_Print_Tank_img_00000067.jpg,top,regular fit,none,none,none,casual,graphic print,deepfashion
Oh_Graphic_Tank_img_00000007,Oh_Graphic_Tank_img_00000007.jpg,top,regular fit,none,none,none,casual,plain,deepfashion
Ruffled_Lace-Up_Blouse_img_00000064,Ruffled_Lace-Up_Blouse_img_00000064.jpg,top,regular fit,none,none,none,casual,lace,deepfashion
Classic_Woven_Blouse_img_00000033,Classic_Woven_Blouse_img_00000033.jpg,top,regular fit,none,none,none,classic,plain,deepfashion
But_First_Coffee_Tank_img_00000052,But_First_Coffee_Tank_img_00000052.jpg,top,regular fit,none,none,none,bohemian,plain,deepfashion
Floral_Crochet_Tank_img_00000009,Floral_Crochet_Tank_img_00000009.jpg,top,regular fit,none,none,none,casual,floral,deepfashion
Boxy_Chiffon_Pocket_Blouse_img_00000002,Boxy_Chiffon_Pocket_Blouse_img_00000002.jpg,top,boxy,none,none,none,casual,plain,deepfashion
Bow_Back_Striped_Tank_img_00000002,Bow_Back_Striped_Tank_img_00000002.jpg,top,regular fit,none,none,none,casual,striped,deepfashion
Draped_Cowl_Neck_Poncho_img_00000053,Draped_Cowl_Neck_Poncho_img_00000053.jpg,top,regular fit,none,cowl neck,none,casual,plain,deepfashion
Embroidered_Chiffon_Blouse_img_00000109,Embroidered_Chiffon_Blouse_img_00000109.jpg,top,regular fit,none,none,none,casual,lace,deepfashion
Abstract_Print_Zipper_Blouse_img_00000071,Abstract_Print_Zipper_Blouse_img_00000071.jpg,top,regular fit,none,none,none,casual,abstract,deepfashion
Abstract_Print_Peasant_Blouse_img_00000059,Abstract_Print_Peasant_Blouse_img_00000059.jpg,top,regular fit,none,none,none,casual,abstract,deepfashion
Embroidered_High-Neck_Blouse_img_00000048,Embroidered_High-Neck_Blouse_img_00000048.jpg,top,regular fit,none,high neck,none,casual,embroidered,deepfashion
Floral_Lace_Blouse_img_00000069,Floral_Lace_Blouse_img_00000069.jpg,top,regular fit,none,none,none,casual,floral,deepfashion
Ruffled_Crepe_Woven_Blouse_img_00000029,Ruffled_Crepe_Woven_Blouse_img_00000029.jpg,top,regular fit,none,none,none,casual,plain,deepfashion
Embroidered_Chiffon_Blouse_img_00000084,Embroidered_Chiffon_Blouse_img_00000084.jpg,top,regular fit,none,none,none,casual,embroidered,deepfashion
Southwestern_Print_Blouse_img_00000010,Southwestern_Print_Blouse_img_00000010.jpg,top,regular fit,none,none,none,casual,lace,deepfashion
Embroidered_Split_Neck_Peasant_Blouse_img_00000022,Embroidered_Split_Neck_Peasant_Blouse_img_00000022.jpg,top,regular fit,none,none,none,casual,embroidered,deepfashion
Reason_Statue_of_Liberty_Mesh_Tank_img_00000007,Reason_Statue_of_Liberty_Mesh_Tank_img_00000007.jpg,top,regular fit,long sleeve,none,none,casual,plain,deepfashion
Self-Tie_Neck_Blouse_img_00000047,Self-Tie_Neck_Blouse_img_00000047.jpg,top,regular fit,none,none,none,casual,plain,deepfashion
Dusty_Rose_Blouse_img_00000058,Dusty_Rose_Blouse_img_00000058.jpg,top,regular fit,none,none,none,casual,embroidered,deepfashion
Bow-Front_Pintucked_Blouse_img_00000054,Bow-Front_Pintucked_Blouse_img_00000054.jpg,top,regular fit,none,none,none,casual,plain,deepfashion
Speckled_Slub_Knit_Blouse_img_00000078,Speckled_Slub_Knit_Blouse_img_00000078.jpg,top,regular fit,none,none,none,casual,textured,deepfashion
Crochet_Paisley_Woven_Tank_img_00000012,Crochet_Paisley_Woven_Tank_img_00000012.jpg,top,regular fit,none,none,none,casual,paisley,deepfashion
Tasseled_Neckline_Floral_Blouse_img_00000099,Tasseled_Neckline_Floral_Blouse_img_00000099.jpg,top,regular fit,short sleeve,none,none,bohemian,floral,deepfashion
High-Neck_Sheer_Blouse_img_00000047,High-Neck_Sheer_Blouse_img_00000047.jpg,top,regular fit,none,high neck,none,casual,plain,deepfashion
Colorblock_Pocket_Tank_img_00000054,Colorblock_Pocket_Tank_img_00000054.jpg,top,regular fit,none,none,none,casual,plain,deepfashion
Watercolor_Abstract_Print_Blouse_img_00000039,Watercolor_Abstract_Print_Blouse_img_00000039.jpg,top,boxy,none,none,none,casual,abstract,deepfashion
Embroidered_Self-Tie_Blouse_img_00000038,Embroidered_Self-Tie_Blouse_img_00000038.jpg,top,regular fit,none,none,none,casual,embroidered,deepfashion
Striped_Chiffon_Blouse_img_00000043,Striped_Chiffon_Blouse_img_00000043.jpg,top,regular fit,none,none,none,casual,striped,deepfashion
Floral_Print_Knit_Tank_img_00000059,Floral_Print_Knit_Tank_img_00000059.jpg,top,regular fit,none,none,none,casual,floral,deepfashion
Twisted_Racerback_Tank_img_00000009,Twisted_Racerback_Tank_img_00000009.jpg,top,regular fit,none,none,none,casual,plain,deepfashion
Pintuck-Paneled_Blouse_img_00000001,Pintuck-Paneled_Blouse_img_00000001.jpg,top,regular fit,none,none,none,casual,plain,deepfashion
Ribbed_Trapeze_Tank_img_00000005,Ribbed_Trapeze_Tank_img_00000005.jpg,top,regular fit,none,none,none,casual,lace,deepfashion
Unicorns_Graphic_Cutout_Tank_img_00000022,Unicorns_Graphic_Cutout_Tank_img_00000022.jpg,top,regular fit,none,none,none,casual,plain,deepfashion
Collarless_V-Neck_Blouse_img_00000006,Collarless_V-Neck_Blouse_img_00000006.jpg,top,regular fit,none,v-neck,none,casual,graphic print,deepfashion
